🗑️ Removing old results.json
==========================================
    STARTING FULLY RANDOMIZED BENCHMARK
==========================================
==========================================
    STARTING RUN 1 OF 5
==========================================
--> Initiating Exp 11: MHA + RoPE (30 Layers) at Length 4096
[transformers] PyTorch was not found. Models won't be available and only tokenizers, configuration and file/data utilities can be used.
Warning: You are sending unauthenticated requests to the HF Hub. Please set a HF_TOKEN to enable higher rate limits and faster downloads.

🚀 [PID: 2361] Running Exp 11: MHA + RoPE (30 Layers) at Length 4096...
      Initializing model weights...
      Compiling XLA Graphs (This will take a moment, but only once!)...
      Params: 429.08M | VRAM: 3123.32 MB | TTFT: 0.5452s | TPOT: 0.0108s
💤 Sleeping for 3 minutes to stabilize thermals...
--> Initiating Exp 3: GTA + ALiBi (24 Layers) at Length 1024
[transformers] PyTorch was not found. Models won't be available and only tokenizers, configuration and file/data utilities can be used.

🚀 [PID: 5829] Running Exp 3: GTA + ALiBi (24 Layers) at Length 1024...
      Initializing model weights...
      Compiling XLA Graphs (This will take a moment, but only once!)...
      Params: 328.39M | VRAM: 702.92 MB | TTFT: 0.0691s | TPOT: 0.0068s
💤 Sleeping for 3 minutes to stabilize thermals...
--> Initiating Exp 8: MHA Iso-KV-Cache (6 Layers) at Length 4096
[transformers] PyTorch was not found. Models won't be available and only tokenizers, configuration and file/data utilities can be used.
Warning: You are sending unauthenticated requests to the HF Hub. Please set a HF_TOKEN to enable higher rate limits and faster downloads.

🚀 [PID: 9155] Running Exp 8: MHA Iso-KV-Cache (6 Layers) at Length 4096...
      Initializing model weights...
      Compiling XLA Graphs (This will take a moment, but only once!)...
      Params: 131.71M | VRAM: 2102.29 MB | TTFT: 0.1485s | TPOT: 0.0036s
💤 Sleeping for 3 minutes to stabilize thermals...
--> Initiating Exp 8: MHA Iso-KV-Cache (6 Layers) at Length 2048
[transformers] PyTorch was not found. Models won't be available and only tokenizers, configuration and file/data utilities can be used.
Warning: You are sending unauthenticated requests to the HF Hub. Please set a HF_TOKEN to enable higher rate limits and faster downloads.

🚀 [PID: 12446] Running Exp 8: MHA Iso-KV-Cache (6 Layers) at Length 2048...
      Initializing model weights...
      Compiling XLA Graphs (This will take a moment, but only once!)...
      Params: 129.61M | VRAM: 1154.76 MB | TTFT: 0.0573s | TPOT: 0.0035s
💤 Sleeping for 3 minutes to stabilize thermals...
--> Initiating Exp 7: GTA + ALiBi (30 Layers) at Length 512
[transformers] PyTorch was not found. Models won't be available and only tokenizers, configuration and file/data utilities can be used.
Warning: You are sending unauthenticated requests to the HF Hub. Please set a HF_TOKEN to enable higher rate limits and faster downloads.

🚀 [PID: 15721] Running Exp 7: GTA + ALiBi (30 Layers) at Length 512...
      Initializing model weights...
      Compiling XLA Graphs (This will take a moment, but only once!)...
      Params: 397.62M | VRAM: 642.60 MB | TTFT: 0.0380s | TPOT: 0.0070s
💤 Sleeping for 3 minutes to stabilize thermals...
--> Initiating Exp 1: Vanilla MHA (24 Layers) at Length 1024
[transformers] PyTorch was not found. Models won't be available and only tokenizers, configuration and file/data utilities can be used.
Warning: You are sending unauthenticated requests to the HF Hub. Please set a HF_TOKEN to enable higher rate limits and faster downloads.

🚀 [PID: 19097] Running Exp 1: Vanilla MHA (24 Layers) at Length 1024...
      Initializing model weights...
      Compiling XLA Graphs (This will take a moment, but only once!)...
      Params: 355.13M | VRAM: 630.92 MB | TTFT: 0.0729s | TPOT: 0.0072s
💤 Sleeping for 3 minutes to stabilize thermals...
--> Initiating Exp 8: MHA Iso-KV-Cache (6 Layers) at Length 1024
[transformers] PyTorch was not found. Models won't be available and only tokenizers, configuration and file/data utilities can be used.
Warning: You are sending unauthenticated requests to the HF Hub. Please set a HF_TOKEN to enable higher rate limits and faster downloads.

🚀 [PID: 22419] Running Exp 8: MHA Iso-KV-Cache (6 Layers) at Length 1024...
      Initializing model weights...
      Compiling XLA Graphs (This will take a moment, but only once!)...
      Params: 128.56M | VRAM: 794.97 MB | TTFT: 0.0240s | TPOT: 0.0029s
💤 Sleeping for 3 minutes to stabilize thermals...
--> Initiating Exp 9: MHA + RoPE (24 Layers) at Length 1024
[transformers] PyTorch was not found. Models won't be available and only tokenizers, configuration and file/data utilities can be used.
Warning: You are sending unauthenticated requests to the HF Hub. Please set a HF_TOKEN to enable higher rate limits and faster downloads.

🚀 [PID: 25657] Running Exp 9: MHA + RoPE (24 Layers) at Length 1024...
      Initializing model weights...
      Compiling XLA Graphs (This will take a moment, but only once!)...
      Params: 353.55M | VRAM: 630.92 MB | TTFT: 0.0732s | TPOT: 0.0070s
💤 Sleeping for 3 minutes to stabilize thermals...
--> Initiating Exp 6: GTA + ALiBi (28 Layers) at Length 2048
[transformers] PyTorch was not found. Models won't be available and only tokenizers, configuration and file/data utilities can be used.
Warning: You are sending unauthenticated requests to the HF Hub. Please set a HF_TOKEN to enable higher rate limits and faster downloads.

🚀 [PID: 29000] Running Exp 6: GTA + ALiBi (28 Layers) at Length 2048...
      Initializing model weights...
      Compiling XLA Graphs (This will take a moment, but only once!)...
      Params: 374.54M | VRAM: 1160.13 MB | TTFT: 0.2229s | TPOT: 0.0070s
💤 Sleeping for 3 minutes to stabilize thermals...
--> Initiating Exp 2: GQA + RoPE (24 Layers) at Length 4096
[transformers] PyTorch was not found. Models won't be available and only tokenizers, configuration and file/data utilities can be used.

🚀 [PID: 32375] Running Exp 2: GQA + RoPE (24 Layers) at Length 4096...
      Initializing model weights...
      Compiling XLA Graphs (This will take a moment, but only once!)...
      Params: 315.80M | VRAM: 2166.16 MB | TTFT: 0.4532s | TPOT: 0.0075s
💤 Sleeping for 3 minutes to stabilize thermals...
--> Initiating Exp 4: GQA + RoPE (28 Layers) at Length 4096
[transformers] PyTorch was not found. Models won't be available and only tokenizers, configuration and file/data utilities can be used.
Warning: You are sending unauthenticated requests to the HF Hub. Please set a HF_TOKEN to enable higher rate limits and faster downloads.

🚀 [PID: 35778] Running Exp 4: GQA + RoPE (28 Layers) at Length 4096...
      Initializing model weights...
      Compiling XLA Graphs (This will take a moment, but only once!)...
      Params: 359.86M | VRAM: 2124.55 MB | TTFT: 0.4930s | TPOT: 0.0080s
💤 Sleeping for 3 minutes to stabilize thermals...
--> Initiating Exp 7: GTA + ALiBi (30 Layers) at Length 4096
[transformers] PyTorch was not found. Models won't be available and only tokenizers, configuration and file/data utilities can be used.
Warning: You are sending unauthenticated requests to the HF Hub. Please set a HF_TOKEN to enable higher rate limits and faster downloads.

🚀 [PID: 39208] Running Exp 7: GTA + ALiBi (30 Layers) at Length 4096...
      Initializing model weights...
      Compiling XLA Graphs (This will take a moment, but only once!)...
      Params: 397.62M | VRAM: 2423.89 MB | TTFT: 0.5857s | TPOT: 0.0102s
💤 Sleeping for 3 minutes to stabilize thermals...
--> Initiating Exp 4: GQA + RoPE (28 Layers) at Length 512
[transformers] PyTorch was not found. Models won't be available and only tokenizers, configuration and file/data utilities can be used.

🚀 [PID: 42586] Running Exp 4: GQA + RoPE (28 Layers) at Length 512...
      Initializing model weights...
      Compiling XLA Graphs (This will take a moment, but only once!)...
      Params: 359.86M | VRAM: 637.44 MB | TTFT: 0.0397s | TPOT: 0.0077s
💤 Sleeping for 3 minutes to stabilize thermals...
--> Initiating Exp 1: Vanilla MHA (24 Layers) at Length 4096
[transformers] PyTorch was not found. Models won't be available and only tokenizers, configuration and file/data utilities can be used.
Warning: You are sending unauthenticated requests to the HF Hub. Please set a HF_TOKEN to enable higher rate limits and faster downloads.

🚀 [PID: 46014] Running Exp 1: Vanilla MHA (24 Layers) at Length 4096...
      Initializing model weights...
      Compiling XLA Graphs (This will take a moment, but only once!)...
      Params: 358.27M | VRAM: 2563.04 MB | TTFT: 0.5525s | TPOT: 0.0095s
💤 Sleeping for 3 minutes to stabilize thermals...
--> Initiating Exp 6: GTA + ALiBi (28 Layers) at Length 1024
[transformers] PyTorch was not found. Models won't be available and only tokenizers, configuration and file/data utilities can be used.

🚀 [PID: 49368] Running Exp 6: GTA + ALiBi (28 Layers) at Length 1024...
      Initializing model weights...
      Compiling XLA Graphs (This will take a moment, but only once!)...
      Params: 374.54M | VRAM: 724.76 MB | TTFT: 0.0816s | TPOT: 0.0082s
💤 Sleeping for 3 minutes to stabilize thermals...
--> Initiating Exp 11: MHA + RoPE (30 Layers) at Length 512
[transformers] PyTorch was not found. Models won't be available and only tokenizers, configuration and file/data utilities can be used.
Warning: You are sending unauthenticated requests to the HF Hub. Please set a HF_TOKEN to enable higher rate limits and faster downloads.

🚀 [PID: 52749] Running Exp 11: MHA + RoPE (30 Layers) at Length 512...
      Initializing model weights...
      Compiling XLA Graphs (This will take a moment, but only once!)...
      Params: 429.08M | VRAM: 536.67 MB | TTFT: 0.0410s | TPOT: 0.0079s
💤 Sleeping for 3 minutes to stabilize thermals...
--> Initiating Exp 5: GQA + RoPE (30 Layers) at Length 1024
[transformers] PyTorch was not found. Models won't be available and only tokenizers, configuration and file/data utilities can be used.
Warning: You are sending unauthenticated requests to the HF Hub. Please set a HF_TOKEN to enable higher rate limits and faster downloads.

🚀 [PID: 56156] Running Exp 5: GQA + RoPE (30 Layers) at Length 1024...
      Initializing model weights...
      Compiling XLA Graphs (This will take a moment, but only once!)...
      Params: 381.89M | VRAM: 805.76 MB | TTFT: 0.0874s | TPOT: 0.0080s
💤 Sleeping for 3 minutes to stabilize thermals...
--> Initiating Exp 6: GTA + ALiBi (28 Layers) at Length 512
[transformers] PyTorch was not found. Models won't be available and only tokenizers, configuration and file/data utilities can be used.
Warning: You are sending unauthenticated requests to the HF Hub. Please set a HF_TOKEN to enable higher rate limits and faster downloads.

🚀 [PID: 59564] Running Exp 6: GTA + ALiBi (28 Layers) at Length 512...
      Initializing model weights...
      Compiling XLA Graphs (This will take a moment, but only once!)...
      Params: 374.54M | VRAM: 612.76 MB | TTFT: 0.0378s | TPOT: 0.0072s
💤 Sleeping for 3 minutes to stabilize thermals...
--> Initiating Exp 1: Vanilla MHA (24 Layers) at Length 512
[transformers] PyTorch was not found. Models won't be available and only tokenizers, configuration and file/data utilities can be used.
Warning: You are sending unauthenticated requests to the HF Hub. Please set a HF_TOKEN to enable higher rate limits and faster downloads.

🚀 [PID: 62921] Running Exp 1: Vanilla MHA (24 Layers) at Length 512...
      Initializing model weights...
      Compiling XLA Graphs (This will take a moment, but only once!)...
      Params: 354.60M | VRAM: 530.67 MB | TTFT: 0.0355s | TPOT: 0.0072s
💤 Sleeping for 3 minutes to stabilize thermals...
--> Initiating Exp 10: MHA + RoPE (28 Layers) at Length 1024
[transformers] PyTorch was not found. Models won't be available and only tokenizers, configuration and file/data utilities can be used.
Warning: You are sending unauthenticated requests to the HF Hub. Please set a HF_TOKEN to enable higher rate limits and faster downloads.

🚀 [PID: 66281] Running Exp 10: MHA + RoPE (28 Layers) at Length 1024...
      Initializing model weights...
      Compiling XLA Graphs (This will take a moment, but only once!)...
      Params: 403.90M | VRAM: 627.76 MB | TTFT: 0.0850s | TPOT: 0.0077s
💤 Sleeping for 3 minutes to stabilize thermals...
--> Initiating Exp 5: GQA + RoPE (30 Layers) at Length 2048
[transformers] PyTorch was not found. Models won't be available and only tokenizers, configuration and file/data utilities can be used.

🚀 [PID: 69641] Running Exp 5: GQA + RoPE (30 Layers) at Length 2048...
      Initializing model weights...
      Compiling XLA Graphs (This will take a moment, but only once!)...
      Params: 381.89M | VRAM: 1143.56 MB | TTFT: 0.2004s | TPOT: 0.0093s
💤 Sleeping for 3 minutes to stabilize thermals...
--> Initiating Exp 8: MHA Iso-KV-Cache (6 Layers) at Length 512
[transformers] PyTorch was not found. Models won't be available and only tokenizers, configuration and file/data utilities can be used.
Warning: You are sending unauthenticated requests to the HF Hub. Please set a HF_TOKEN to enable higher rate limits and faster downloads.

🚀 [PID: 73087] Running Exp 8: MHA Iso-KV-Cache (6 Layers) at Length 512...
      Initializing model weights...
      Compiling XLA Graphs (This will take a moment, but only once!)...
      Params: 128.04M | VRAM: 819.97 MB | TTFT: 0.0122s | TPOT: 0.0026s
💤 Sleeping for 3 minutes to stabilize thermals...
--> Initiating Exp 9: MHA + RoPE (24 Layers) at Length 512
[transformers] PyTorch was not found. Models won't be available and only tokenizers, configuration and file/data utilities can be used.
Warning: You are sending unauthenticated requests to the HF Hub. Please set a HF_TOKEN to enable higher rate limits and faster downloads.

🚀 [PID: 76355] Running Exp 9: MHA + RoPE (24 Layers) at Length 512...
      Initializing model weights...
      Compiling XLA Graphs (This will take a moment, but only once!)...
      Params: 353.55M | VRAM: 528.67 MB | TTFT: 0.0359s | TPOT: 0.0064s
💤 Sleeping for 3 minutes to stabilize thermals...
--> Initiating Exp 9: MHA + RoPE (24 Layers) at Length 4096
[transformers] PyTorch was not found. Models won't be available and only tokenizers, configuration and file/data utilities can be used.
Warning: You are sending unauthenticated requests to the HF Hub. Please set a HF_TOKEN to enable higher rate limits and faster downloads.

🚀 [PID: 79725] Running Exp 9: MHA + RoPE (24 Layers) at Length 4096...
      Initializing model weights...
      Compiling XLA Graphs (This will take a moment, but only once!)...
      Params: 353.55M | VRAM: 2954.04 MB | TTFT: 0.4533s | TPOT: 0.0106s
💤 Sleeping for 3 minutes to stabilize thermals...
--> Initiating Exp 3: GTA + ALiBi (24 Layers) at Length 2048
[transformers] PyTorch was not found. Models won't be available and only tokenizers, configuration and file/data utilities can be used.
Warning: You are sending unauthenticated requests to the HF Hub. Please set a HF_TOKEN to enable higher rate limits and faster downloads.

🚀 [PID: 83121] Running Exp 3: GTA + ALiBi (24 Layers) at Length 2048...
      Initializing model weights...
      Compiling XLA Graphs (This will take a moment, but only once!)...
      Params: 328.39M | VRAM: 1159.81 MB | TTFT: 0.1805s | TPOT: 0.0064s
💤 Sleeping for 3 minutes to stabilize thermals...
--> Initiating Exp 5: GQA + RoPE (30 Layers) at Length 4096
[transformers] PyTorch was not found. Models won't be available and only tokenizers, configuration and file/data utilities can be used.
Warning: You are sending unauthenticated requests to the HF Hub. Please set a HF_TOKEN to enable higher rate limits and faster downloads.

🚀 [PID: 86483] Running Exp 5: GQA + RoPE (30 Layers) at Length 4096...
      Initializing model weights...
      Compiling XLA Graphs (This will take a moment, but only once!)...
      Params: 381.89M | VRAM: 2138.06 MB | TTFT: 0.5297s | TPOT: 0.0104s
💤 Sleeping for 3 minutes to stabilize thermals...
--> Initiating Exp 6: GTA + ALiBi (28 Layers) at Length 4096
[transformers] PyTorch was not found. Models won't be available and only tokenizers, configuration and file/data utilities can be used.
Warning: You are sending unauthenticated requests to the HF Hub. Please set a HF_TOKEN to enable higher rate limits and faster downloads.

🚀 [PID: 89951] Running Exp 6: GTA + ALiBi (28 Layers) at Length 4096...
      Initializing model weights...
      Compiling XLA Graphs (This will take a moment, but only once!)...
      Params: 374.54M | VRAM: 2392.05 MB | TTFT: 0.5521s | TPOT: 0.0088s
💤 Sleeping for 3 minutes to stabilize thermals...
--> Initiating Exp 3: GTA + ALiBi (24 Layers) at Length 4096
[transformers] PyTorch was not found. Models won't be available and only tokenizers, configuration and file/data utilities can be used.
Warning: You are sending unauthenticated requests to the HF Hub. Please set a HF_TOKEN to enable higher rate limits and faster downloads.

🚀 [PID: 93344] Running Exp 3: GTA + ALiBi (24 Layers) at Length 4096...
      Initializing model weights...
      Compiling XLA Graphs (This will take a moment, but only once!)...
      Params: 328.39M | VRAM: 2400.31 MB | TTFT: 0.4967s | TPOT: 0.0074s
💤 Sleeping for 3 minutes to stabilize thermals...
--> Initiating Exp 2: GQA + RoPE (24 Layers) at Length 2048
[transformers] PyTorch was not found. Models won't be available and only tokenizers, configuration and file/data utilities can be used.
Warning: You are sending unauthenticated requests to the HF Hub. Please set a HF_TOKEN to enable higher rate limits and faster downloads.

🚀 [PID: 96675] Running Exp 2: GQA + RoPE (24 Layers) at Length 2048...
      Initializing model weights...
      Compiling XLA Graphs (This will take a moment, but only once!)...
      Params: 315.80M | VRAM: 1116.88 MB | TTFT: 0.1669s | TPOT: 0.0065s
💤 Sleeping for 3 minutes to stabilize thermals...
--> Initiating Exp 7: GTA + ALiBi (30 Layers) at Length 1024
[transformers] PyTorch was not found. Models won't be available and only tokenizers, configuration and file/data utilities can be used.

🚀 [PID: 100093] Running Exp 7: GTA + ALiBi (30 Layers) at Length 1024...
      Initializing model weights...
      Compiling XLA Graphs (This will take a moment, but only once!)...
      Params: 397.62M | VRAM: 790.76 MB | TTFT: 0.0826s | TPOT: 0.0072s
💤 Sleeping for 3 minutes to stabilize thermals...
--> Initiating Exp 2: GQA + RoPE (24 Layers) at Length 1024
[transformers] PyTorch was not found. Models won't be available and only tokenizers, configuration and file/data utilities can be used.
Warning: You are sending unauthenticated requests to the HF Hub. Please set a HF_TOKEN to enable higher rate limits and faster downloads.

🚀 [PID: 103442] Running Exp 2: GQA + RoPE (24 Layers) at Length 1024...
      Initializing model weights...
      Compiling XLA Graphs (This will take a moment, but only once!)...
      Params: 315.80M | VRAM: 738.92 MB | TTFT: 0.1371s | TPOT: 0.0071s
💤 Sleeping for 3 minutes to stabilize thermals...
--> Initiating Exp 11: MHA + RoPE (30 Layers) at Length 2048
[transformers] PyTorch was not found. Models won't be available and only tokenizers, configuration and file/data utilities can be used.

🚀 [PID: 106847] Running Exp 11: MHA + RoPE (30 Layers) at Length 2048...
      Initializing model weights...
      Compiling XLA Graphs (This will take a moment, but only once!)...
      Params: 429.08M | VRAM: 1188.17 MB | TTFT: 0.2239s | TPOT: 0.0091s
💤 Sleeping for 3 minutes to stabilize thermals...
--> Initiating Exp 1: Vanilla MHA (24 Layers) at Length 2048
[transformers] PyTorch was not found. Models won't be available and only tokenizers, configuration and file/data utilities can be used.

🚀 [PID: 110259] Running Exp 1: Vanilla MHA (24 Layers) at Length 2048...
      Initializing model weights...
      Compiling XLA Graphs (This will take a moment, but only once!)...
      Params: 356.17M | VRAM: 1046.12 MB | TTFT: 0.1767s | TPOT: 0.0073s
💤 Sleeping for 3 minutes to stabilize thermals...
--> Initiating Exp 11: MHA + RoPE (30 Layers) at Length 1024
[transformers] PyTorch was not found. Models won't be available and only tokenizers, configuration and file/data utilities can be used.
Warning: You are sending unauthenticated requests to the HF Hub. Please set a HF_TOKEN to enable higher rate limits and faster downloads.

🚀 [PID: 113609] Running Exp 11: MHA + RoPE (30 Layers) at Length 1024...
      Initializing model weights...
      Compiling XLA Graphs (This will take a moment, but only once!)...
      Params: 429.08M | VRAM: 653.58 MB | TTFT: 0.0901s | TPOT: 0.0080s
💤 Sleeping for 3 minutes to stabilize thermals...
--> Initiating Exp 4: GQA + RoPE (28 Layers) at Length 1024
[transformers] PyTorch was not found. Models won't be available and only tokenizers, configuration and file/data utilities can be used.
Warning: You are sending unauthenticated requests to the HF Hub. Please set a HF_TOKEN to enable higher rate limits and faster downloads.

🚀 [PID: 116978] Running Exp 4: GQA + RoPE (28 Layers) at Length 1024...
      Initializing model weights...
      Compiling XLA Graphs (This will take a moment, but only once!)...
      Params: 359.86M | VRAM: 805.76 MB | TTFT: 0.0795s | TPOT: 0.0070s
💤 Sleeping for 3 minutes to stabilize thermals...
--> Initiating Exp 9: MHA + RoPE (24 Layers) at Length 2048
[transformers] PyTorch was not found. Models won't be available and only tokenizers, configuration and file/data utilities can be used.
Warning: You are sending unauthenticated requests to the HF Hub. Please set a HF_TOKEN to enable higher rate limits and faster downloads.

🚀 [PID: 120384] Running Exp 9: MHA + RoPE (24 Layers) at Length 2048...
      Initializing model weights...
      Compiling XLA Graphs (This will take a moment, but only once!)...
      Params: 353.55M | VRAM: 1070.54 MB | TTFT: 0.1832s | TPOT: 0.0075s
💤 Sleeping for 3 minutes to stabilize thermals...
--> Initiating Exp 3: GTA + ALiBi (24 Layers) at Length 512
[transformers] PyTorch was not found. Models won't be available and only tokenizers, configuration and file/data utilities can be used.
Warning: You are sending unauthenticated requests to the HF Hub. Please set a HF_TOKEN to enable higher rate limits and faster downloads.

🚀 [PID: 123755] Running Exp 3: GTA + ALiBi (24 Layers) at Length 512...
      Initializing model weights...
      Compiling XLA Graphs (This will take a moment, but only once!)...
      Params: 328.39M | VRAM: 676.44 MB | TTFT: 0.0323s | TPOT: 0.0057s
💤 Sleeping for 3 minutes to stabilize thermals...
--> Initiating Exp 10: MHA + RoPE (28 Layers) at Length 512
[transformers] PyTorch was not found. Models won't be available and only tokenizers, configuration and file/data utilities can be used.

🚀 [PID: 127103] Running Exp 10: MHA + RoPE (28 Layers) at Length 512...
      Initializing model weights...
      Compiling XLA Graphs (This will take a moment, but only once!)...
      Params: 403.90M | VRAM: 546.60 MB | TTFT: 0.0417s | TPOT: 0.0077s
💤 Sleeping for 3 minutes to stabilize thermals...
--> Initiating Exp 5: GQA + RoPE (30 Layers) at Length 512
[transformers] PyTorch was not found. Models won't be available and only tokenizers, configuration and file/data utilities can be used.
Warning: You are sending unauthenticated requests to the HF Hub. Please set a HF_TOKEN to enable higher rate limits and faster downloads.

🚀 [PID: 130488] Running Exp 5: GQA + RoPE (30 Layers) at Length 512...
      Initializing model weights...
      Compiling XLA Graphs (This will take a moment, but only once!)...
      Params: 381.89M | VRAM: 680.76 MB | TTFT: 0.0524s | TPOT: 0.0081s
💤 Sleeping for 3 minutes to stabilize thermals...
--> Initiating Exp 2: GQA + RoPE (24 Layers) at Length 512
[transformers] PyTorch was not found. Models won't be available and only tokenizers, configuration and file/data utilities can be used.
Warning: You are sending unauthenticated requests to the HF Hub. Please set a HF_TOKEN to enable higher rate limits and faster downloads.

🚀 [PID: 133923] Running Exp 2: GQA + RoPE (24 Layers) at Length 512...
      Initializing model weights...
      Compiling XLA Graphs (This will take a moment, but only once!)...
      Params: 315.80M | VRAM: 750.28 MB | TTFT: 0.0318s | TPOT: 0.0066s
💤 Sleeping for 3 minutes to stabilize thermals...
--> Initiating Exp 7: GTA + ALiBi (30 Layers) at Length 2048
[transformers] PyTorch was not found. Models won't be available and only tokenizers, configuration and file/data utilities can be used.
Warning: You are sending unauthenticated requests to the HF Hub. Please set a HF_TOKEN to enable higher rate limits and faster downloads.

🚀 [PID: 137324] Running Exp 7: GTA + ALiBi (30 Layers) at Length 2048...
      Initializing model weights...
      Compiling XLA Graphs (This will take a moment, but only once!)...
      Params: 397.62M | VRAM: 1076.39 MB | TTFT: 0.2213s | TPOT: 0.0082s
💤 Sleeping for 3 minutes to stabilize thermals...
--> Initiating Exp 4: GQA + RoPE (28 Layers) at Length 2048
[transformers] PyTorch was not found. Models won't be available and only tokenizers, configuration and file/data utilities can be used.
Warning: You are sending unauthenticated requests to the HF Hub. Please set a HF_TOKEN to enable higher rate limits and faster downloads.

🚀 [PID: 140720] Running Exp 4: GQA + RoPE (28 Layers) at Length 2048...
      Initializing model weights...
      Compiling XLA Graphs (This will take a moment, but only once!)...
      Params: 359.86M | VRAM: 1148.56 MB | TTFT: 0.1725s | TPOT: 0.0090s
💤 Sleeping for 3 minutes to stabilize thermals...
--> Initiating Exp 10: MHA + RoPE (28 Layers) at Length 2048
[transformers] PyTorch was not found. Models won't be available and only tokenizers, configuration and file/data utilities can be used.
Warning: You are sending unauthenticated requests to the HF Hub. Please set a HF_TOKEN to enable higher rate limits and faster downloads.

🚀 [PID: 144150] Running Exp 10: MHA + RoPE (28 Layers) at Length 2048...
      Initializing model weights...
      Compiling XLA Graphs (This will take a moment, but only once!)...
      Params: 403.90M | VRAM: 1148.38 MB | TTFT: 0.2066s | TPOT: 0.0087s
💤 Sleeping for 3 minutes to stabilize thermals...
--> Initiating Exp 10: MHA + RoPE (28 Layers) at Length 4096
[transformers] PyTorch was not found. Models won't be available and only tokenizers, configuration and file/data utilities can be used.
Warning: You are sending unauthenticated requests to the HF Hub. Please set a HF_TOKEN to enable higher rate limits and faster downloads.

🚀 [PID: 147551] Running Exp 10: MHA + RoPE (28 Layers) at Length 4096...
      Initializing model weights...
      Compiling XLA Graphs (This will take a moment, but only once!)...
      Params: 403.90M | VRAM: 3039.31 MB | TTFT: 0.5334s | TPOT: 0.0127s
💤 Sleeping for 3 minutes to stabilize thermals...
==========================================
    STARTING RUN 2 OF 5
==========================================
--> Initiating Exp 8: MHA Iso-KV-Cache (6 Layers) at Length 512
[transformers] PyTorch was not found. Models won't be available and only tokenizers, configuration and file/data utilities can be used.
Warning: You are sending unauthenticated requests to the HF Hub. Please set a HF_TOKEN to enable higher rate limits and faster downloads.

🚀 [PID: 150985] Running Exp 8: MHA Iso-KV-Cache (6 Layers) at Length 512...
      Initializing model weights...
      Compiling XLA Graphs (This will take a moment, but only once!)...
      Params: 128.04M | VRAM: 819.97 MB | TTFT: 0.0122s | TPOT: 0.0027s
💤 Sleeping for 3 minutes to stabilize thermals...
--> Initiating Exp 11: MHA + RoPE (30 Layers) at Length 4096
[transformers] PyTorch was not found. Models won't be available and only tokenizers, configuration and file/data utilities can be used.
Warning: You are sending unauthenticated requests to the HF Hub. Please set a HF_TOKEN to enable higher rate limits and faster downloads.

🚀 [PID: 154279] Running Exp 11: MHA + RoPE (30 Layers) at Length 4096...
      Initializing model weights...
      Compiling XLA Graphs (This will take a moment, but only once!)...
      Params: 429.08M | VRAM: 3123.32 MB | TTFT: 0.6086s | TPOT: 0.0106s
💤 Sleeping for 3 minutes to stabilize thermals...
--> Initiating Exp 3: GTA + ALiBi (24 Layers) at Length 512
[transformers] PyTorch was not found. Models won't be available and only tokenizers, configuration and file/data utilities can be used.
Warning: You are sending unauthenticated requests to the HF Hub. Please set a HF_TOKEN to enable higher rate limits and faster downloads.

🚀 [PID: 157701] Running Exp 3: GTA + ALiBi (24 Layers) at Length 512...
      Initializing model weights...
      Compiling XLA Graphs (This will take a moment, but only once!)...
      Params: 328.39M | VRAM: 676.44 MB | TTFT: 0.0329s | TPOT: 0.0057s
💤 Sleeping for 3 minutes to stabilize thermals...
--> Initiating Exp 1: Vanilla MHA (24 Layers) at Length 4096
[transformers] PyTorch was not found. Models won't be available and only tokenizers, configuration and file/data utilities can be used.
Warning: You are sending unauthenticated requests to the HF Hub. Please set a HF_TOKEN to enable higher rate limits and faster downloads.

🚀 [PID: 161050] Running Exp 1: Vanilla MHA (24 Layers) at Length 4096...
      Initializing model weights...
      Compiling XLA Graphs (This will take a moment, but only once!)...
      Params: 358.27M | VRAM: 2563.05 MB | TTFT: 0.5564s | TPOT: 0.0087s
💤 Sleeping for 3 minutes to stabilize thermals...
--> Initiating Exp 3: GTA + ALiBi (24 Layers) at Length 1024
[transformers] PyTorch was not found. Models won't be available and only tokenizers, configuration and file/data utilities can be used.
Warning: You are sending unauthenticated requests to the HF Hub. Please set a HF_TOKEN to enable higher rate limits and faster downloads.

🚀 [PID: 164403] Running Exp 3: GTA + ALiBi (24 Layers) at Length 1024...
      Initializing model weights...
      Compiling XLA Graphs (This will take a moment, but only once!)...
      Params: 328.39M | VRAM: 702.92 MB | TTFT: 0.0670s | TPOT: 0.0056s
💤 Sleeping for 3 minutes to stabilize thermals...
--> Initiating Exp 10: MHA + RoPE (28 Layers) at Length 512
[transformers] PyTorch was not found. Models won't be available and only tokenizers, configuration and file/data utilities can be used.
Warning: You are sending unauthenticated requests to the HF Hub. Please set a HF_TOKEN to enable higher rate limits and faster downloads.

🚀 [PID: 167715] Running Exp 10: MHA + RoPE (28 Layers) at Length 512...
      Initializing model weights...
      Compiling XLA Graphs (This will take a moment, but only once!)...
      Params: 403.90M | VRAM: 546.60 MB | TTFT: 0.0424s | TPOT: 0.0080s
💤 Sleeping for 3 minutes to stabilize thermals...
--> Initiating Exp 7: GTA + ALiBi (30 Layers) at Length 2048
[transformers] PyTorch was not found. Models won't be available and only tokenizers, configuration and file/data utilities can be used.
Warning: You are sending unauthenticated requests to the HF Hub. Please set a HF_TOKEN to enable higher rate limits and faster downloads.

🚀 [PID: 171121] Running Exp 7: GTA + ALiBi (30 Layers) at Length 2048...
      Initializing model weights...
      Compiling XLA Graphs (This will take a moment, but only once!)...
      Params: 397.62M | VRAM: 1076.39 MB | TTFT: 0.2279s | TPOT: 0.0073s
💤 Sleeping for 3 minutes to stabilize thermals...
--> Initiating Exp 11: MHA + RoPE (30 Layers) at Length 1024
[transformers] PyTorch was not found. Models won't be available and only tokenizers, configuration and file/data utilities can be used.

🚀 [PID: 174507] Running Exp 11: MHA + RoPE (30 Layers) at Length 1024...
      Initializing model weights...
      Compiling XLA Graphs (This will take a moment, but only once!)...
      Params: 429.08M | VRAM: 653.58 MB | TTFT: 0.0922s | TPOT: 0.0082s
💤 Sleeping for 3 minutes to stabilize thermals...
--> Initiating Exp 10: MHA + RoPE (28 Layers) at Length 4096
[transformers] PyTorch was not found. Models won't be available and only tokenizers, configuration and file/data utilities can be used.

🚀 [PID: 177857] Running Exp 10: MHA + RoPE (28 Layers) at Length 4096...
      Initializing model weights...
      Compiling XLA Graphs (This will take a moment, but only once!)...
      Params: 403.90M | VRAM: 3039.31 MB | TTFT: 0.5176s | TPOT: 0.0113s
💤 Sleeping for 3 minutes to stabilize thermals...
--> Initiating Exp 1: Vanilla MHA (24 Layers) at Length 512
[transformers] PyTorch was not found. Models won't be available and only tokenizers, configuration and file/data utilities can be used.

🚀 [PID: 181250] Running Exp 1: Vanilla MHA (24 Layers) at Length 512...
      Initializing model weights...
      Compiling XLA Graphs (This will take a moment, but only once!)...
      Params: 354.60M | VRAM: 530.67 MB | TTFT: 0.0353s | TPOT: 0.0071s
💤 Sleeping for 3 minutes to stabilize thermals...
--> Initiating Exp 5: GQA + RoPE (30 Layers) at Length 4096
[transformers] PyTorch was not found. Models won't be available and only tokenizers, configuration and file/data utilities can be used.

🚀 [PID: 184597] Running Exp 5: GQA + RoPE (30 Layers) at Length 4096...
      Initializing model weights...
      Compiling XLA Graphs (This will take a moment, but only once!)...
      Params: 381.89M | VRAM: 2138.06 MB | TTFT: 0.5549s | TPOT: 0.0095s
💤 Sleeping for 3 minutes to stabilize thermals...
--> Initiating Exp 6: GTA + ALiBi (28 Layers) at Length 4096
[transformers] PyTorch was not found. Models won't be available and only tokenizers, configuration and file/data utilities can be used.

🚀 [PID: 188013] Running Exp 6: GTA + ALiBi (28 Layers) at Length 4096...
      Initializing model weights...
      Compiling XLA Graphs (This will take a moment, but only once!)...
      Params: 374.54M | VRAM: 2392.05 MB | TTFT: 0.5464s | TPOT: 0.0097s
💤 Sleeping for 3 minutes to stabilize thermals...
--> Initiating Exp 8: MHA Iso-KV-Cache (6 Layers) at Length 1024
[transformers] PyTorch was not found. Models won't be available and only tokenizers, configuration and file/data utilities can be used.

🚀 [PID: 191390] Running Exp 8: MHA Iso-KV-Cache (6 Layers) at Length 1024...
      Initializing model weights...
      Compiling XLA Graphs (This will take a moment, but only once!)...
      Params: 128.56M | VRAM: 794.97 MB | TTFT: 0.0232s | TPOT: 0.0028s
💤 Sleeping for 3 minutes to stabilize thermals...
--> Initiating Exp 10: MHA + RoPE (28 Layers) at Length 2048
[transformers] PyTorch was not found. Models won't be available and only tokenizers, configuration and file/data utilities can be used.

🚀 [PID: 194642] Running Exp 10: MHA + RoPE (28 Layers) at Length 2048...
      Initializing model weights...
      Compiling XLA Graphs (This will take a moment, but only once!)...
      Params: 403.90M | VRAM: 1148.39 MB | TTFT: 0.1977s | TPOT: 0.0099s
💤 Sleeping for 3 minutes to stabilize thermals...
--> Initiating Exp 5: GQA + RoPE (30 Layers) at Length 2048
[transformers] PyTorch was not found. Models won't be available and only tokenizers, configuration and file/data utilities can be used.

🚀 [PID: 198019] Running Exp 5: GQA + RoPE (30 Layers) at Length 2048...
      Initializing model weights...
      Compiling XLA Graphs (This will take a moment, but only once!)...
      Params: 381.89M | VRAM: 1143.56 MB | TTFT: 0.1993s | TPOT: 0.0092s
💤 Sleeping for 3 minutes to stabilize thermals...
--> Initiating Exp 9: MHA + RoPE (24 Layers) at Length 1024
[transformers] PyTorch was not found. Models won't be available and only tokenizers, configuration and file/data utilities can be used.

🚀 [PID: 201455] Running Exp 9: MHA + RoPE (24 Layers) at Length 1024...
      Initializing model weights...
      Compiling XLA Graphs (This will take a moment, but only once!)...
      Params: 353.55M | VRAM: 630.92 MB | TTFT: 0.0732s | TPOT: 0.0073s
💤 Sleeping for 3 minutes to stabilize thermals...
--> Initiating Exp 5: GQA + RoPE (30 Layers) at Length 512
[transformers] PyTorch was not found. Models won't be available and only tokenizers, configuration and file/data utilities can be used.

🚀 [PID: 204784] Running Exp 5: GQA + RoPE (30 Layers) at Length 512...
      Initializing model weights...
      Compiling XLA Graphs (This will take a moment, but only once!)...
      Params: 381.89M | VRAM: 680.76 MB | TTFT: 0.0443s | TPOT: 0.0094s
💤 Sleeping for 3 minutes to stabilize thermals...
--> Initiating Exp 2: GQA + RoPE (24 Layers) at Length 512
[transformers] PyTorch was not found. Models won't be available and only tokenizers, configuration and file/data utilities can be used.

🚀 [PID: 208218] Running Exp 2: GQA + RoPE (24 Layers) at Length 512...
      Initializing model weights...
      Compiling XLA Graphs (This will take a moment, but only once!)...
      Params: 315.80M | VRAM: 750.28 MB | TTFT: 0.0322s | TPOT: 0.0064s
💤 Sleeping for 3 minutes to stabilize thermals...
--> Initiating Exp 6: GTA + ALiBi (28 Layers) at Length 512
[transformers] PyTorch was not found. Models won't be available and only tokenizers, configuration and file/data utilities can be used.

🚀 [PID: 211602] Running Exp 6: GTA + ALiBi (28 Layers) at Length 512...
      Initializing model weights...
      Compiling XLA Graphs (This will take a moment, but only once!)...
      Params: 374.54M | VRAM: 612.76 MB | TTFT: 0.0329s | TPOT: 0.0062s
💤 Sleeping for 3 minutes to stabilize thermals...
--> Initiating Exp 7: GTA + ALiBi (30 Layers) at Length 512
[transformers] PyTorch was not found. Models won't be available and only tokenizers, configuration and file/data utilities can be used.

🚀 [PID: 214951] Running Exp 7: GTA + ALiBi (30 Layers) at Length 512...
      Initializing model weights...
      Compiling XLA Graphs (This will take a moment, but only once!)...
      Params: 397.62M | VRAM: 642.60 MB | TTFT: 0.0395s | TPOT: 0.0061s
💤 Sleeping for 3 minutes to stabilize thermals...
--> Initiating Exp 8: MHA Iso-KV-Cache (6 Layers) at Length 4096
[transformers] PyTorch was not found. Models won't be available and only tokenizers, configuration and file/data utilities can be used.

🚀 [PID: 218315] Running Exp 8: MHA Iso-KV-Cache (6 Layers) at Length 4096...
      Initializing model weights...
      Compiling XLA Graphs (This will take a moment, but only once!)...
      Params: 131.71M | VRAM: 2102.29 MB | TTFT: 0.1458s | TPOT: 0.0036s
💤 Sleeping for 3 minutes to stabilize thermals...
--> Initiating Exp 7: GTA + ALiBi (30 Layers) at Length 1024
[transformers] PyTorch was not found. Models won't be available and only tokenizers, configuration and file/data utilities can be used.

🚀 [PID: 221589] Running Exp 7: GTA + ALiBi (30 Layers) at Length 1024...
      Initializing model weights...
      Compiling XLA Graphs (This will take a moment, but only once!)...
      Params: 397.62M | VRAM: 790.76 MB | TTFT: 0.0829s | TPOT: 0.0072s
💤 Sleeping for 3 minutes to stabilize thermals...
--> Initiating Exp 2: GQA + RoPE (24 Layers) at Length 1024
[transformers] PyTorch was not found. Models won't be available and only tokenizers, configuration and file/data utilities can be used.

🚀 [PID: 224918] Running Exp 2: GQA + RoPE (24 Layers) at Length 1024...
      Initializing model weights...
      Compiling XLA Graphs (This will take a moment, but only once!)...
      Params: 315.80M | VRAM: 738.92 MB | TTFT: 0.0671s | TPOT: 0.0063s
💤 Sleeping for 3 minutes to stabilize thermals...
--> Initiating Exp 1: Vanilla MHA (24 Layers) at Length 1024
[transformers] PyTorch was not found. Models won't be available and only tokenizers, configuration and file/data utilities can be used.

🚀 [PID: 228287] Running Exp 1: Vanilla MHA (24 Layers) at Length 1024...
      Initializing model weights...
      Compiling XLA Graphs (This will take a moment, but only once!)...
      Params: 355.13M | VRAM: 630.92 MB | TTFT: 0.0722s | TPOT: 0.0074s
💤 Sleeping for 3 minutes to stabilize thermals...
--> Initiating Exp 4: GQA + RoPE (28 Layers) at Length 512
[transformers] PyTorch was not found. Models won't be available and only tokenizers, configuration and file/data utilities can be used.

🚀 [PID: 231602] Running Exp 4: GQA + RoPE (28 Layers) at Length 512...
      Initializing model weights...
      Compiling XLA Graphs (This will take a moment, but only once!)...
      Params: 359.86M | VRAM: 637.44 MB | TTFT: 0.0397s | TPOT: 0.0081s
💤 Sleeping for 3 minutes to stabilize thermals...
--> Initiating Exp 11: MHA + RoPE (30 Layers) at Length 512
[transformers] PyTorch was not found. Models won't be available and only tokenizers, configuration and file/data utilities can be used.

🚀 [PID: 235038] Running Exp 11: MHA + RoPE (30 Layers) at Length 512...
      Initializing model weights...
      Compiling XLA Graphs (This will take a moment, but only once!)...
      Params: 429.08M | VRAM: 536.67 MB | TTFT: 0.0474s | TPOT: 0.0081s
💤 Sleeping for 3 minutes to stabilize thermals...
--> Initiating Exp 2: GQA + RoPE (24 Layers) at Length 4096
[transformers] PyTorch was not found. Models won't be available and only tokenizers, configuration and file/data utilities can be used.

🚀 [PID: 238438] Running Exp 2: GQA + RoPE (24 Layers) at Length 4096...
      Initializing model weights...
      Compiling XLA Graphs (This will take a moment, but only once!)...
      Params: 315.80M | VRAM: 2166.16 MB | TTFT: 0.4612s | TPOT: 0.0076s
💤 Sleeping for 3 minutes to stabilize thermals...
--> Initiating Exp 8: MHA Iso-KV-Cache (6 Layers) at Length 2048
[transformers] PyTorch was not found. Models won't be available and only tokenizers, configuration and file/data utilities can be used.

🚀 [PID: 241822] Running Exp 8: MHA Iso-KV-Cache (6 Layers) at Length 2048...
      Initializing model weights...
      Compiling XLA Graphs (This will take a moment, but only once!)...
      Params: 129.61M | VRAM: 1154.76 MB | TTFT: 0.0568s | TPOT: 0.0036s
💤 Sleeping for 3 minutes to stabilize thermals...
--> Initiating Exp 9: MHA + RoPE (24 Layers) at Length 512
[transformers] PyTorch was not found. Models won't be available and only tokenizers, configuration and file/data utilities can be used.

🚀 [PID: 245101] Running Exp 9: MHA + RoPE (24 Layers) at Length 512...
      Initializing model weights...
      Compiling XLA Graphs (This will take a moment, but only once!)...
      Params: 353.55M | VRAM: 528.67 MB | TTFT: 0.0382s | TPOT: 0.0062s
💤 Sleeping for 3 minutes to stabilize thermals...
--> Initiating Exp 6: GTA + ALiBi (28 Layers) at Length 2048
[transformers] PyTorch was not found. Models won't be available and only tokenizers, configuration and file/data utilities can be used.

🚀 [PID: 248483] Running Exp 6: GTA + ALiBi (28 Layers) at Length 2048...
      Initializing model weights...
      Compiling XLA Graphs (This will take a moment, but only once!)...
      Params: 374.54M | VRAM: 1160.13 MB | TTFT: 0.1916s | TPOT: 0.0071s
💤 Sleeping for 3 minutes to stabilize thermals...
--> Initiating Exp 1: Vanilla MHA (24 Layers) at Length 2048
[transformers] PyTorch was not found. Models won't be available and only tokenizers, configuration and file/data utilities can be used.

🚀 [PID: 251850] Running Exp 1: Vanilla MHA (24 Layers) at Length 2048...
      Initializing model weights...
      Compiling XLA Graphs (This will take a moment, but only once!)...
      Params: 356.17M | VRAM: 1046.12 MB | TTFT: 0.1697s | TPOT: 0.0075s
💤 Sleeping for 3 minutes to stabilize thermals...
--> Initiating Exp 2: GQA + RoPE (24 Layers) at Length 2048
[transformers] PyTorch was not found. Models won't be available and only tokenizers, configuration and file/data utilities can be used.

🚀 [PID: 255185] Running Exp 2: GQA + RoPE (24 Layers) at Length 2048...
      Initializing model weights...
      Compiling XLA Graphs (This will take a moment, but only once!)...
      Params: 315.80M | VRAM: 1116.88 MB | TTFT: 0.1531s | TPOT: 0.0076s
💤 Sleeping for 3 minutes to stabilize thermals...
--> Initiating Exp 9: MHA + RoPE (24 Layers) at Length 4096
[transformers] PyTorch was not found. Models won't be available and only tokenizers, configuration and file/data utilities can be used.

🚀 [PID: 258592] Running Exp 9: MHA + RoPE (24 Layers) at Length 4096...
      Initializing model weights...
      Compiling XLA Graphs (This will take a moment, but only once!)...
      Params: 353.55M | VRAM: 2954.04 MB | TTFT: 0.4740s | TPOT: 0.0086s
💤 Sleeping for 3 minutes to stabilize thermals...
--> Initiating Exp 7: GTA + ALiBi (30 Layers) at Length 4096
[transformers] PyTorch was not found. Models won't be available and only tokenizers, configuration and file/data utilities can be used.

🚀 [PID: 261961] Running Exp 7: GTA + ALiBi (30 Layers) at Length 4096...
      Initializing model weights...
      Compiling XLA Graphs (This will take a moment, but only once!)...
      Params: 397.62M | VRAM: 2423.89 MB | TTFT: 0.5928s | TPOT: 0.0090s
💤 Sleeping for 3 minutes to stabilize thermals...
--> Initiating Exp 4: GQA + RoPE (28 Layers) at Length 2048
[transformers] PyTorch was not found. Models won't be available and only tokenizers, configuration and file/data utilities can be used.

🚀 [PID: 265338] Running Exp 4: GQA + RoPE (28 Layers) at Length 2048...
      Initializing model weights...
      Compiling XLA Graphs (This will take a moment, but only once!)...
      Params: 359.86M | VRAM: 1148.56 MB | TTFT: 0.1976s | TPOT: 0.0070s
💤 Sleeping for 3 minutes to stabilize thermals...
--> Initiating Exp 4: GQA + RoPE (28 Layers) at Length 4096
[transformers] PyTorch was not found. Models won't be available and only tokenizers, configuration and file/data utilities can be used.

🚀 [PID: 268743] Running Exp 4: GQA + RoPE (28 Layers) at Length 4096...
      Initializing model weights...
      Compiling XLA Graphs (This will take a moment, but only once!)...
      Params: 359.86M | VRAM: 2124.55 MB | TTFT: 0.5308s | TPOT: 0.0092s
💤 Sleeping for 3 minutes to stabilize thermals...
--> Initiating Exp 3: GTA + ALiBi (24 Layers) at Length 4096
[transformers] PyTorch was not found. Models won't be available and only tokenizers, configuration and file/data utilities can be used.

🚀 [PID: 272172] Running Exp 3: GTA + ALiBi (24 Layers) at Length 4096...
      Initializing model weights...
      Compiling XLA Graphs (This will take a moment, but only once!)...
      Params: 328.39M | VRAM: 2400.31 MB | TTFT: 0.4937s | TPOT: 0.0087s
💤 Sleeping for 3 minutes to stabilize thermals...
--> Initiating Exp 11: MHA + RoPE (30 Layers) at Length 2048
[transformers] PyTorch was not found. Models won't be available and only tokenizers, configuration and file/data utilities can be used.

🚀 [PID: 275538] Running Exp 11: MHA + RoPE (30 Layers) at Length 2048...
      Initializing model weights...
      Compiling XLA Graphs (This will take a moment, but only once!)...
      Params: 429.08M | VRAM: 1188.17 MB | TTFT: 0.2199s | TPOT: 0.0096s
💤 Sleeping for 3 minutes to stabilize thermals...
--> Initiating Exp 9: MHA + RoPE (24 Layers) at Length 2048
[transformers] PyTorch was not found. Models won't be available and only tokenizers, configuration and file/data utilities can be used.

🚀 [PID: 278934] Running Exp 9: MHA + RoPE (24 Layers) at Length 2048...
      Initializing model weights...
      Compiling XLA Graphs (This will take a moment, but only once!)...
      Params: 353.55M | VRAM: 1070.54 MB | TTFT: 0.1770s | TPOT: 0.0075s
💤 Sleeping for 3 minutes to stabilize thermals...
--> Initiating Exp 3: GTA + ALiBi (24 Layers) at Length 2048
[transformers] PyTorch was not found. Models won't be available and only tokenizers, configuration and file/data utilities can be used.

🚀 [PID: 282305] Running Exp 3: GTA + ALiBi (24 Layers) at Length 2048...
      Initializing model weights...
      Compiling XLA Graphs (This will take a moment, but only once!)...
      Params: 328.39M | VRAM: 1159.81 MB | TTFT: 0.1848s | TPOT: 0.0069s
💤 Sleeping for 3 minutes to stabilize thermals...
--> Initiating Exp 5: GQA + RoPE (30 Layers) at Length 1024
[transformers] PyTorch was not found. Models won't be available and only tokenizers, configuration and file/data utilities can be used.

🚀 [PID: 285652] Running Exp 5: GQA + RoPE (30 Layers) at Length 1024...
      Initializing model weights...
      Compiling XLA Graphs (This will take a moment, but only once!)...
      Params: 381.89M | VRAM: 805.76 MB | TTFT: 0.1173s | TPOT: 0.0082s
💤 Sleeping for 3 minutes to stabilize thermals...
--> Initiating Exp 6: GTA + ALiBi (28 Layers) at Length 1024
[transformers] PyTorch was not found. Models won't be available and only tokenizers, configuration and file/data utilities can be used.

🚀 [PID: 289062] Running Exp 6: GTA + ALiBi (28 Layers) at Length 1024...
      Initializing model weights...
      Compiling XLA Graphs (This will take a moment, but only once!)...
      Params: 374.54M | VRAM: 724.76 MB | TTFT: 0.0810s | TPOT: 0.0062s
💤 Sleeping for 3 minutes to stabilize thermals...
--> Initiating Exp 10: MHA + RoPE (28 Layers) at Length 1024
[transformers] PyTorch was not found. Models won't be available and only tokenizers, configuration and file/data utilities can be used.

🚀 [PID: 292390] Running Exp 10: MHA + RoPE (28 Layers) at Length 1024...
      Initializing model weights...
      Compiling XLA Graphs (This will take a moment, but only once!)...
      Params: 403.90M | VRAM: 627.76 MB | TTFT: 0.0852s | TPOT: 0.0079s
💤 Sleeping for 3 minutes to stabilize thermals...
--> Initiating Exp 4: GQA + RoPE (28 Layers) at Length 1024
[transformers] PyTorch was not found. Models won't be available and only tokenizers, configuration and file/data utilities can be used.

🚀 [PID: 295733] Running Exp 4: GQA + RoPE (28 Layers) at Length 1024...
      Initializing model weights...
      Compiling XLA Graphs (This will take a moment, but only once!)...
      Params: 359.86M | VRAM: 805.76 MB | TTFT: 0.0845s | TPOT: 0.0082s
💤 Sleeping for 3 minutes to stabilize thermals...
==========================================
    STARTING RUN 3 OF 5
==========================================
--> Initiating Exp 8: MHA Iso-KV-Cache (6 Layers) at Length 2048
[transformers] PyTorch was not found. Models won't be available and only tokenizers, configuration and file/data utilities can be used.

🚀 [PID: 299127] Running Exp 8: MHA Iso-KV-Cache (6 Layers) at Length 2048...
      Initializing model weights...
      Compiling XLA Graphs (This will take a moment, but only once!)...
      Params: 129.61M | VRAM: 1154.76 MB | TTFT: 0.0570s | TPOT: 0.0036s
💤 Sleeping for 3 minutes to stabilize thermals...
--> Initiating Exp 1: Vanilla MHA (24 Layers) at Length 512
[transformers] PyTorch was not found. Models won't be available and only tokenizers, configuration and file/data utilities can be used.

🚀 [PID: 302408] Running Exp 1: Vanilla MHA (24 Layers) at Length 512...
      Initializing model weights...
      Compiling XLA Graphs (This will take a moment, but only once!)...
      Params: 354.60M | VRAM: 530.67 MB | TTFT: 0.0368s | TPOT: 0.0062s
💤 Sleeping for 3 minutes to stabilize thermals...
--> Initiating Exp 7: GTA + ALiBi (30 Layers) at Length 2048
[transformers] PyTorch was not found. Models won't be available and only tokenizers, configuration and file/data utilities can be used.

🚀 [PID: 305730] Running Exp 7: GTA + ALiBi (30 Layers) at Length 2048...
      Initializing model weights...
      Compiling XLA Graphs (This will take a moment, but only once!)...
      Params: 397.62M | VRAM: 1076.39 MB | TTFT: 0.2111s | TPOT: 0.0073s
💤 Sleeping for 3 minutes to stabilize thermals...
--> Initiating Exp 7: GTA + ALiBi (30 Layers) at Length 1024
[transformers] PyTorch was not found. Models won't be available and only tokenizers, configuration and file/data utilities can be used.

🚀 [PID: 309090] Running Exp 7: GTA + ALiBi (30 Layers) at Length 1024...
      Initializing model weights...
      Compiling XLA Graphs (This will take a moment, but only once!)...
      Params: 397.62M | VRAM: 790.76 MB | TTFT: 0.0867s | TPOT: 0.0073s
💤 Sleeping for 3 minutes to stabilize thermals...
--> Initiating Exp 7: GTA + ALiBi (30 Layers) at Length 4096
[transformers] PyTorch was not found. Models won't be available and only tokenizers, configuration and file/data utilities can be used.

🚀 [PID: 312435] Running Exp 7: GTA + ALiBi (30 Layers) at Length 4096...
      Initializing model weights...
      Compiling XLA Graphs (This will take a moment, but only once!)...
      Params: 397.62M | VRAM: 2423.89 MB | TTFT: 0.5884s | TPOT: 0.0091s
💤 Sleeping for 3 minutes to stabilize thermals...
--> Initiating Exp 2: GQA + RoPE (24 Layers) at Length 4096
[transformers] PyTorch was not found. Models won't be available and only tokenizers, configuration and file/data utilities can be used.

🚀 [PID: 315822] Running Exp 2: GQA + RoPE (24 Layers) at Length 4096...
      Initializing model weights...
      Compiling XLA Graphs (This will take a moment, but only once!)...
      Params: 315.80M | VRAM: 2166.16 MB | TTFT: 0.4421s | TPOT: 0.0083s
💤 Sleeping for 3 minutes to stabilize thermals...
--> Initiating Exp 1: Vanilla MHA (24 Layers) at Length 1024
[transformers] PyTorch was not found. Models won't be available and only tokenizers, configuration and file/data utilities can be used.

🚀 [PID: 319236] Running Exp 1: Vanilla MHA (24 Layers) at Length 1024...
      Initializing model weights...
      Compiling XLA Graphs (This will take a moment, but only once!)...
      Params: 355.13M | VRAM: 630.92 MB | TTFT: 0.0745s | TPOT: 0.0072s
💤 Sleeping for 3 minutes to stabilize thermals...
--> Initiating Exp 4: GQA + RoPE (28 Layers) at Length 512
[transformers] PyTorch was not found. Models won't be available and only tokenizers, configuration and file/data utilities can be used.

🚀 [PID: 322541] Running Exp 4: GQA + RoPE (28 Layers) at Length 512...
      Initializing model weights...
      Compiling XLA Graphs (This will take a moment, but only once!)...
      Params: 359.86M | VRAM: 637.44 MB | TTFT: 0.1315s | TPOT: 0.0079s
💤 Sleeping for 3 minutes to stabilize thermals...
--> Initiating Exp 9: MHA + RoPE (24 Layers) at Length 1024
[transformers] PyTorch was not found. Models won't be available and only tokenizers, configuration and file/data utilities can be used.

🚀 [PID: 325962] Running Exp 9: MHA + RoPE (24 Layers) at Length 1024...
      Initializing model weights...
      Compiling XLA Graphs (This will take a moment, but only once!)...
      Params: 353.55M | VRAM: 630.92 MB | TTFT: 0.0735s | TPOT: 0.0074s
💤 Sleeping for 3 minutes to stabilize thermals...
--> Initiating Exp 5: GQA + RoPE (30 Layers) at Length 2048
[transformers] PyTorch was not found. Models won't be available and only tokenizers, configuration and file/data utilities can be used.

🚀 [PID: 329293] Running Exp 5: GQA + RoPE (30 Layers) at Length 2048...
      Initializing model weights...
      Compiling XLA Graphs (This will take a moment, but only once!)...
      Params: 381.89M | VRAM: 1143.56 MB | TTFT: 0.2127s | TPOT: 0.0083s
💤 Sleeping for 3 minutes to stabilize thermals...
--> Initiating Exp 2: GQA + RoPE (24 Layers) at Length 512
[transformers] PyTorch was not found. Models won't be available and only tokenizers, configuration and file/data utilities can be used.

🚀 [PID: 332707] Running Exp 2: GQA + RoPE (24 Layers) at Length 512...
      Initializing model weights...
      Compiling XLA Graphs (This will take a moment, but only once!)...
      Params: 315.80M | VRAM: 750.28 MB | TTFT: 0.0315s | TPOT: 0.0066s
💤 Sleeping for 3 minutes to stabilize thermals...
--> Initiating Exp 6: GTA + ALiBi (28 Layers) at Length 512
[transformers] PyTorch was not found. Models won't be available and only tokenizers, configuration and file/data utilities can be used.

🚀 [PID: 336094] Running Exp 6: GTA + ALiBi (28 Layers) at Length 512...
      Initializing model weights...
      Compiling XLA Graphs (This will take a moment, but only once!)...
      Params: 374.54M | VRAM: 612.76 MB | TTFT: 0.0352s | TPOT: 0.0061s
💤 Sleeping for 3 minutes to stabilize thermals...
--> Initiating Exp 3: GTA + ALiBi (24 Layers) at Length 512
[transformers] PyTorch was not found. Models won't be available and only tokenizers, configuration and file/data utilities can be used.

🚀 [PID: 339434] Running Exp 3: GTA + ALiBi (24 Layers) at Length 512...
      Initializing model weights...
      Compiling XLA Graphs (This will take a moment, but only once!)...
      Params: 328.39M | VRAM: 676.44 MB | TTFT: 0.0334s | TPOT: 0.0057s
💤 Sleeping for 3 minutes to stabilize thermals...
--> Initiating Exp 9: MHA + RoPE (24 Layers) at Length 2048
[transformers] PyTorch was not found. Models won't be available and only tokenizers, configuration and file/data utilities can be used.

🚀 [PID: 342776] Running Exp 9: MHA + RoPE (24 Layers) at Length 2048...
      Initializing model weights...
      Compiling XLA Graphs (This will take a moment, but only once!)...
      Params: 353.55M | VRAM: 1070.54 MB | TTFT: 0.1759s | TPOT: 0.0087s
💤 Sleeping for 3 minutes to stabilize thermals...
--> Initiating Exp 4: GQA + RoPE (28 Layers) at Length 2048
[transformers] PyTorch was not found. Models won't be available and only tokenizers, configuration and file/data utilities can be used.

🚀 [PID: 346145] Running Exp 4: GQA + RoPE (28 Layers) at Length 2048...
      Initializing model weights...
      Compiling XLA Graphs (This will take a moment, but only once!)...
      Params: 359.86M | VRAM: 1148.56 MB | TTFT: 0.2002s | TPOT: 0.0082s
💤 Sleeping for 3 minutes to stabilize thermals...
--> Initiating Exp 4: GQA + RoPE (28 Layers) at Length 1024
[transformers] PyTorch was not found. Models won't be available and only tokenizers, configuration and file/data utilities can be used.

🚀 [PID: 349560] Running Exp 4: GQA + RoPE (28 Layers) at Length 1024...
      Initializing model weights...
      Compiling XLA Graphs (This will take a moment, but only once!)...
      Params: 359.86M | VRAM: 805.76 MB | TTFT: 0.0832s | TPOT: 0.0075s
💤 Sleeping for 3 minutes to stabilize thermals...
--> Initiating Exp 10: MHA + RoPE (28 Layers) at Length 4096
[transformers] PyTorch was not found. Models won't be available and only tokenizers, configuration and file/data utilities can be used.

🚀 [PID: 352959] Running Exp 10: MHA + RoPE (28 Layers) at Length 4096...
      Initializing model weights...
      Compiling XLA Graphs (This will take a moment, but only once!)...
      Params: 403.90M | VRAM: 3039.31 MB | TTFT: 0.5185s | TPOT: 0.0106s
💤 Sleeping for 3 minutes to stabilize thermals...
--> Initiating Exp 9: MHA + RoPE (24 Layers) at Length 512
[transformers] PyTorch was not found. Models won't be available and only tokenizers, configuration and file/data utilities can be used.

🚀 [PID: 356355] Running Exp 9: MHA + RoPE (24 Layers) at Length 512...
      Initializing model weights...
      Compiling XLA Graphs (This will take a moment, but only once!)...
      Params: 353.55M | VRAM: 528.67 MB | TTFT: 0.0366s | TPOT: 0.0065s
💤 Sleeping for 3 minutes to stabilize thermals...
--> Initiating Exp 10: MHA + RoPE (28 Layers) at Length 2048
[transformers] PyTorch was not found. Models won't be available and only tokenizers, configuration and file/data utilities can be used.

🚀 [PID: 359714] Running Exp 10: MHA + RoPE (28 Layers) at Length 2048...
      Initializing model weights...
      Compiling XLA Graphs (This will take a moment, but only once!)...
      Params: 403.90M | VRAM: 1148.39 MB | TTFT: 0.2073s | TPOT: 0.0103s
💤 Sleeping for 3 minutes to stabilize thermals...
--> Initiating Exp 3: GTA + ALiBi (24 Layers) at Length 1024
[transformers] PyTorch was not found. Models won't be available and only tokenizers, configuration and file/data utilities can be used.

🚀 [PID: 363111] Running Exp 3: GTA + ALiBi (24 Layers) at Length 1024...
      Initializing model weights...
      Compiling XLA Graphs (This will take a moment, but only once!)...
      Params: 328.39M | VRAM: 702.92 MB | TTFT: 0.0693s | TPOT: 0.0057s
💤 Sleeping for 3 minutes to stabilize thermals...
--> Initiating Exp 6: GTA + ALiBi (28 Layers) at Length 1024
[transformers] PyTorch was not found. Models won't be available and only tokenizers, configuration and file/data utilities can be used.

🚀 [PID: 366423] Running Exp 6: GTA + ALiBi (28 Layers) at Length 1024...
      Initializing model weights...
      Compiling XLA Graphs (This will take a moment, but only once!)...
      Params: 374.54M | VRAM: 724.76 MB | TTFT: 0.0784s | TPOT: 0.0072s
💤 Sleeping for 3 minutes to stabilize thermals...
--> Initiating Exp 9: MHA + RoPE (24 Layers) at Length 4096
[transformers] PyTorch was not found. Models won't be available and only tokenizers, configuration and file/data utilities can be used.

🚀 [PID: 369752] Running Exp 9: MHA + RoPE (24 Layers) at Length 4096...
      Initializing model weights...
      Compiling XLA Graphs (This will take a moment, but only once!)...
      Params: 353.55M | VRAM: 2954.04 MB | TTFT: 0.4725s | TPOT: 0.0100s
💤 Sleeping for 3 minutes to stabilize thermals...
--> Initiating Exp 5: GQA + RoPE (30 Layers) at Length 1024
[transformers] PyTorch was not found. Models won't be available and only tokenizers, configuration and file/data utilities can be used.

🚀 [PID: 373116] Running Exp 5: GQA + RoPE (30 Layers) at Length 1024...
      Initializing model weights...
      Compiling XLA Graphs (This will take a moment, but only once!)...
      Params: 381.89M | VRAM: 805.76 MB | TTFT: 0.0874s | TPOT: 0.0083s
💤 Sleeping for 3 minutes to stabilize thermals...
--> Initiating Exp 11: MHA + RoPE (30 Layers) at Length 4096
[transformers] PyTorch was not found. Models won't be available and only tokenizers, configuration and file/data utilities can be used.

🚀 [PID: 376509] Running Exp 11: MHA + RoPE (30 Layers) at Length 4096...
      Initializing model weights...
      Compiling XLA Graphs (This will take a moment, but only once!)...
      Params: 429.08M | VRAM: 3123.32 MB | TTFT: 0.5644s | TPOT: 0.0109s
💤 Sleeping for 3 minutes to stabilize thermals...
--> Initiating Exp 6: GTA + ALiBi (28 Layers) at Length 2048
[transformers] PyTorch was not found. Models won't be available and only tokenizers, configuration and file/data utilities can be used.

🚀 [PID: 379930] Running Exp 6: GTA + ALiBi (28 Layers) at Length 2048...
      Initializing model weights...
      Compiling XLA Graphs (This will take a moment, but only once!)...
      Params: 374.54M | VRAM: 1160.13 MB | TTFT: 0.2011s | TPOT: 0.0071s
💤 Sleeping for 3 minutes to stabilize thermals...
--> Initiating Exp 5: GQA + RoPE (30 Layers) at Length 512
[transformers] PyTorch was not found. Models won't be available and only tokenizers, configuration and file/data utilities can be used.

🚀 [PID: 383294] Running Exp 5: GQA + RoPE (30 Layers) at Length 512...
      Initializing model weights...
      Compiling XLA Graphs (This will take a moment, but only once!)...
      Params: 381.89M | VRAM: 680.76 MB | TTFT: 0.0454s | TPOT: 0.0072s
💤 Sleeping for 3 minutes to stabilize thermals...
--> Initiating Exp 3: GTA + ALiBi (24 Layers) at Length 4096
[transformers] PyTorch was not found. Models won't be available and only tokenizers, configuration and file/data utilities can be used.

🚀 [PID: 386703] Running Exp 3: GTA + ALiBi (24 Layers) at Length 4096...
      Initializing model weights...
      Compiling XLA Graphs (This will take a moment, but only once!)...
      Params: 328.39M | VRAM: 2400.31 MB | TTFT: 0.4808s | TPOT: 0.0077s
💤 Sleeping for 3 minutes to stabilize thermals...
--> Initiating Exp 11: MHA + RoPE (30 Layers) at Length 1024
[transformers] PyTorch was not found. Models won't be available and only tokenizers, configuration and file/data utilities can be used.

🚀 [PID: 390047] Running Exp 11: MHA + RoPE (30 Layers) at Length 1024...
      Initializing model weights...
      Compiling XLA Graphs (This will take a moment, but only once!)...
      Params: 429.08M | VRAM: 653.58 MB | TTFT: 0.0916s | TPOT: 0.0103s
💤 Sleeping for 3 minutes to stabilize thermals...
--> Initiating Exp 1: Vanilla MHA (24 Layers) at Length 2048
[transformers] PyTorch was not found. Models won't be available and only tokenizers, configuration and file/data utilities can be used.

🚀 [PID: 393403] Running Exp 1: Vanilla MHA (24 Layers) at Length 2048...
      Initializing model weights...
      Compiling XLA Graphs (This will take a moment, but only once!)...
      Params: 356.17M | VRAM: 1046.12 MB | TTFT: 0.1811s | TPOT: 0.0094s
💤 Sleeping for 3 minutes to stabilize thermals...
--> Initiating Exp 11: MHA + RoPE (30 Layers) at Length 512
[transformers] PyTorch was not found. Models won't be available and only tokenizers, configuration and file/data utilities can be used.

🚀 [PID: 396762] Running Exp 11: MHA + RoPE (30 Layers) at Length 512...
      Initializing model weights...
      Compiling XLA Graphs (This will take a moment, but only once!)...
      Params: 429.08M | VRAM: 536.67 MB | TTFT: 0.0482s | TPOT: 0.0082s
💤 Sleeping for 3 minutes to stabilize thermals...
--> Initiating Exp 1: Vanilla MHA (24 Layers) at Length 4096
[transformers] PyTorch was not found. Models won't be available and only tokenizers, configuration and file/data utilities can be used.

🚀 [PID: 400149] Running Exp 1: Vanilla MHA (24 Layers) at Length 4096...
      Initializing model weights...
      Compiling XLA Graphs (This will take a moment, but only once!)...
      Params: 358.27M | VRAM: 2563.04 MB | TTFT: 0.5522s | TPOT: 0.0096s
💤 Sleeping for 3 minutes to stabilize thermals...
--> Initiating Exp 5: GQA + RoPE (30 Layers) at Length 4096
[transformers] PyTorch was not found. Models won't be available and only tokenizers, configuration and file/data utilities can be used.

🚀 [PID: 403493] Running Exp 5: GQA + RoPE (30 Layers) at Length 4096...
      Initializing model weights...
      Compiling XLA Graphs (This will take a moment, but only once!)...
      Params: 381.89M | VRAM: 2116.05 MB | TTFT: 0.5534s | TPOT: 0.0095s
💤 Sleeping for 3 minutes to stabilize thermals...
--> Initiating Exp 3: GTA + ALiBi (24 Layers) at Length 2048
[transformers] PyTorch was not found. Models won't be available and only tokenizers, configuration and file/data utilities can be used.

🚀 [PID: 406924] Running Exp 3: GTA + ALiBi (24 Layers) at Length 2048...
      Initializing model weights...
      Compiling XLA Graphs (This will take a moment, but only once!)...
      Params: 328.39M | VRAM: 1159.81 MB | TTFT: 0.1751s | TPOT: 0.0064s
💤 Sleeping for 3 minutes to stabilize thermals...
--> Initiating Exp 11: MHA + RoPE (30 Layers) at Length 2048
[transformers] PyTorch was not found. Models won't be available and only tokenizers, configuration and file/data utilities can be used.

🚀 [PID: 410265] Running Exp 11: MHA + RoPE (30 Layers) at Length 2048...
      Initializing model weights...
      Compiling XLA Graphs (This will take a moment, but only once!)...
      Params: 429.08M | VRAM: 1188.17 MB | TTFT: 0.2061s | TPOT: 0.0106s
💤 Sleeping for 3 minutes to stabilize thermals...
--> Initiating Exp 2: GQA + RoPE (24 Layers) at Length 1024
[transformers] PyTorch was not found. Models won't be available and only tokenizers, configuration and file/data utilities can be used.

🚀 [PID: 413653] Running Exp 2: GQA + RoPE (24 Layers) at Length 1024...
      Initializing model weights...
      Compiling XLA Graphs (This will take a moment, but only once!)...
      Params: 315.80M | VRAM: 738.92 MB | TTFT: 0.0667s | TPOT: 0.0076s
💤 Sleeping for 3 minutes to stabilize thermals...
--> Initiating Exp 2: GQA + RoPE (24 Layers) at Length 2048
[transformers] PyTorch was not found. Models won't be available and only tokenizers, configuration and file/data utilities can be used.

🚀 [PID: 417034] Running Exp 2: GQA + RoPE (24 Layers) at Length 2048...
      Initializing model weights...
      Compiling XLA Graphs (This will take a moment, but only once!)...
      Params: 315.80M | VRAM: 1116.88 MB | TTFT: 0.1610s | TPOT: 0.0079s
💤 Sleeping for 3 minutes to stabilize thermals...
--> Initiating Exp 8: MHA Iso-KV-Cache (6 Layers) at Length 1024
[transformers] PyTorch was not found. Models won't be available and only tokenizers, configuration and file/data utilities can be used.

🚀 [PID: 420446] Running Exp 8: MHA Iso-KV-Cache (6 Layers) at Length 1024...
      Initializing model weights...
      Compiling XLA Graphs (This will take a moment, but only once!)...
      Params: 128.56M | VRAM: 794.97 MB | TTFT: 0.0237s | TPOT: 0.0027s
💤 Sleeping for 3 minutes to stabilize thermals...
--> Initiating Exp 8: MHA Iso-KV-Cache (6 Layers) at Length 512
[transformers] PyTorch was not found. Models won't be available and only tokenizers, configuration and file/data utilities can be used.

🚀 [PID: 423684] Running Exp 8: MHA Iso-KV-Cache (6 Layers) at Length 512...
      Initializing model weights...
      Compiling XLA Graphs (This will take a moment, but only once!)...
      Params: 128.04M | VRAM: 819.97 MB | TTFT: 0.0124s | TPOT: 0.0035s
💤 Sleeping for 3 minutes to stabilize thermals...
--> Initiating Exp 6: GTA + ALiBi (28 Layers) at Length 4096
[transformers] PyTorch was not found. Models won't be available and only tokenizers, configuration and file/data utilities can be used.

🚀 [PID: 426943] Running Exp 6: GTA + ALiBi (28 Layers) at Length 4096...
      Initializing model weights...
      Compiling XLA Graphs (This will take a moment, but only once!)...
      Params: 374.54M | VRAM: 2392.05 MB | TTFT: 0.5521s | TPOT: 0.0092s
💤 Sleeping for 3 minutes to stabilize thermals...
--> Initiating Exp 10: MHA + RoPE (28 Layers) at Length 1024
[transformers] PyTorch was not found. Models won't be available and only tokenizers, configuration and file/data utilities can be used.

🚀 [PID: 430310] Running Exp 10: MHA + RoPE (28 Layers) at Length 1024...
      Initializing model weights...
      Compiling XLA Graphs (This will take a moment, but only once!)...
      Params: 403.90M | VRAM: 627.76 MB | TTFT: 0.0843s | TPOT: 0.0079s
💤 Sleeping for 3 minutes to stabilize thermals...
--> Initiating Exp 10: MHA + RoPE (28 Layers) at Length 512
[transformers] PyTorch was not found. Models won't be available and only tokenizers, configuration and file/data utilities can be used.

🚀 [PID: 433664] Running Exp 10: MHA + RoPE (28 Layers) at Length 512...
      Initializing model weights...
      Compiling XLA Graphs (This will take a moment, but only once!)...
      Params: 403.90M | VRAM: 546.60 MB | TTFT: 0.0415s | TPOT: 0.0078s
💤 Sleeping for 3 minutes to stabilize thermals...
--> Initiating Exp 4: GQA + RoPE (28 Layers) at Length 4096
[transformers] PyTorch was not found. Models won't be available and only tokenizers, configuration and file/data utilities can be used.

🚀 [PID: 437043] Running Exp 4: GQA + RoPE (28 Layers) at Length 4096...
      Initializing model weights...
      Compiling XLA Graphs (This will take a moment, but only once!)...
      Params: 359.86M | VRAM: 2124.55 MB | TTFT: 0.5132s | TPOT: 0.0085s
💤 Sleeping for 3 minutes to stabilize thermals...
--> Initiating Exp 8: MHA Iso-KV-Cache (6 Layers) at Length 4096
[transformers] PyTorch was not found. Models won't be available and only tokenizers, configuration and file/data utilities can be used.

🚀 [PID: 440453] Running Exp 8: MHA Iso-KV-Cache (6 Layers) at Length 4096...
      Initializing model weights...
      Compiling XLA Graphs (This will take a moment, but only once!)...
      Params: 131.71M | VRAM: 2102.29 MB | TTFT: 0.1493s | TPOT: 0.0036s
💤 Sleeping for 3 minutes to stabilize thermals...
--> Initiating Exp 7: GTA + ALiBi (30 Layers) at Length 512
[transformers] PyTorch was not found. Models won't be available and only tokenizers, configuration and file/data utilities can be used.

🚀 [PID: 443702] Running Exp 7: GTA + ALiBi (30 Layers) at Length 512...
      Initializing model weights...
      Compiling XLA Graphs (This will take a moment, but only once!)...
      Params: 397.62M | VRAM: 642.60 MB | TTFT: 0.0380s | TPOT: 0.0062s
💤 Sleeping for 3 minutes to stabilize thermals...
==========================================
    STARTING RUN 4 OF 5
==========================================
--> Initiating Exp 8: MHA Iso-KV-Cache (6 Layers) at Length 4096
[transformers] PyTorch was not found. Models won't be available and only tokenizers, configuration and file/data utilities can be used.

🚀 [PID: 447076] Running Exp 8: MHA Iso-KV-Cache (6 Layers) at Length 4096...
      Initializing model weights...
      Compiling XLA Graphs (This will take a moment, but only once!)...
      Params: 131.71M | VRAM: 2102.29 MB | TTFT: 0.1482s | TPOT: 0.0037s
💤 Sleeping for 3 minutes to stabilize thermals...
--> Initiating Exp 11: MHA + RoPE (30 Layers) at Length 1024
[transformers] PyTorch was not found. Models won't be available and only tokenizers, configuration and file/data utilities can be used.

🚀 [PID: 450337] Running Exp 11: MHA + RoPE (30 Layers) at Length 1024...
      Initializing model weights...
      Compiling XLA Graphs (This will take a moment, but only once!)...
      Params: 429.08M | VRAM: 653.58 MB | TTFT: 0.0895s | TPOT: 0.0105s
💤 Sleeping for 3 minutes to stabilize thermals...
--> Initiating Exp 1: Vanilla MHA (24 Layers) at Length 512
[transformers] PyTorch was not found. Models won't be available and only tokenizers, configuration and file/data utilities can be used.

🚀 [PID: 453703] Running Exp 1: Vanilla MHA (24 Layers) at Length 512...
      Initializing model weights...
      Compiling XLA Graphs (This will take a moment, but only once!)...
      Params: 354.60M | VRAM: 530.67 MB | TTFT: 0.0370s | TPOT: 0.0073s
💤 Sleeping for 3 minutes to stabilize thermals...
--> Initiating Exp 1: Vanilla MHA (24 Layers) at Length 1024
[transformers] PyTorch was not found. Models won't be available and only tokenizers, configuration and file/data utilities can be used.

🚀 [PID: 457035] Running Exp 1: Vanilla MHA (24 Layers) at Length 1024...
      Initializing model weights...
      Compiling XLA Graphs (This will take a moment, but only once!)...
      Params: 355.13M | VRAM: 630.92 MB | TTFT: 0.0718s | TPOT: 0.0074s
💤 Sleeping for 3 minutes to stabilize thermals...
--> Initiating Exp 11: MHA + RoPE (30 Layers) at Length 2048
[transformers] PyTorch was not found. Models won't be available and only tokenizers, configuration and file/data utilities can be used.

🚀 [PID: 460345] Running Exp 11: MHA + RoPE (30 Layers) at Length 2048...
      Initializing model weights...
      Compiling XLA Graphs (This will take a moment, but only once!)...
      Params: 429.08M | VRAM: 1188.17 MB | TTFT: 0.2083s | TPOT: 0.0091s
💤 Sleeping for 3 minutes to stabilize thermals...
--> Initiating Exp 5: GQA + RoPE (30 Layers) at Length 2048
[transformers] PyTorch was not found. Models won't be available and only tokenizers, configuration and file/data utilities can be used.

🚀 [PID: 463745] Running Exp 5: GQA + RoPE (30 Layers) at Length 2048...
      Initializing model weights...
      Compiling XLA Graphs (This will take a moment, but only once!)...
      Params: 381.89M | VRAM: 1143.56 MB | TTFT: 0.2115s | TPOT: 0.0083s
💤 Sleeping for 3 minutes to stabilize thermals...
--> Initiating Exp 9: MHA + RoPE (24 Layers) at Length 512
[transformers] PyTorch was not found. Models won't be available and only tokenizers, configuration and file/data utilities can be used.

🚀 [PID: 467158] Running Exp 9: MHA + RoPE (24 Layers) at Length 512...
      Initializing model weights...
      Compiling XLA Graphs (This will take a moment, but only once!)...
      Params: 353.55M | VRAM: 528.67 MB | TTFT: 0.0387s | TPOT: 0.0066s
💤 Sleeping for 3 minutes to stabilize thermals...
--> Initiating Exp 10: MHA + RoPE (28 Layers) at Length 1024
[transformers] PyTorch was not found. Models won't be available and only tokenizers, configuration and file/data utilities can be used.

🚀 [PID: 470503] Running Exp 10: MHA + RoPE (28 Layers) at Length 1024...
      Initializing model weights...
      Compiling XLA Graphs (This will take a moment, but only once!)...
      Params: 403.90M | VRAM: 627.76 MB | TTFT: 0.0860s | TPOT: 0.0090s
💤 Sleeping for 3 minutes to stabilize thermals...
--> Initiating Exp 11: MHA + RoPE (30 Layers) at Length 512
[transformers] PyTorch was not found. Models won't be available and only tokenizers, configuration and file/data utilities can be used.

🚀 [PID: 473862] Running Exp 11: MHA + RoPE (30 Layers) at Length 512...
      Initializing model weights...
      Compiling XLA Graphs (This will take a moment, but only once!)...
      Params: 429.08M | VRAM: 536.67 MB | TTFT: 0.0452s | TPOT: 0.0083s
💤 Sleeping for 3 minutes to stabilize thermals...
--> Initiating Exp 9: MHA + RoPE (24 Layers) at Length 4096
[transformers] PyTorch was not found. Models won't be available and only tokenizers, configuration and file/data utilities can be used.

🚀 [PID: 477256] Running Exp 9: MHA + RoPE (24 Layers) at Length 4096...
      Initializing model weights...
      Compiling XLA Graphs (This will take a moment, but only once!)...
      Params: 353.55M | VRAM: 2954.04 MB | TTFT: 0.4684s | TPOT: 0.0086s
💤 Sleeping for 3 minutes to stabilize thermals...
--> Initiating Exp 6: GTA + ALiBi (28 Layers) at Length 1024
[transformers] PyTorch was not found. Models won't be available and only tokenizers, configuration and file/data utilities can be used.

🚀 [PID: 480628] Running Exp 6: GTA + ALiBi (28 Layers) at Length 1024...
      Initializing model weights...
      Compiling XLA Graphs (This will take a moment, but only once!)...
      Params: 374.54M | VRAM: 724.76 MB | TTFT: 0.0802s | TPOT: 0.0072s
💤 Sleeping for 3 minutes to stabilize thermals...
--> Initiating Exp 2: GQA + RoPE (24 Layers) at Length 1024
[transformers] PyTorch was not found. Models won't be available and only tokenizers, configuration and file/data utilities can be used.

🚀 [PID: 483955] Running Exp 2: GQA + RoPE (24 Layers) at Length 1024...
      Initializing model weights...
      Compiling XLA Graphs (This will take a moment, but only once!)...
      Params: 315.80M | VRAM: 738.92 MB | TTFT: 0.0670s | TPOT: 0.0064s
💤 Sleeping for 3 minutes to stabilize thermals...
--> Initiating Exp 8: MHA Iso-KV-Cache (6 Layers) at Length 2048
[transformers] PyTorch was not found. Models won't be available and only tokenizers, configuration and file/data utilities can be used.

🚀 [PID: 487300] Running Exp 8: MHA Iso-KV-Cache (6 Layers) at Length 2048...
      Initializing model weights...
      Compiling XLA Graphs (This will take a moment, but only once!)...
      Params: 129.61M | VRAM: 1154.76 MB | TTFT: 0.0575s | TPOT: 0.0036s
💤 Sleeping for 3 minutes to stabilize thermals...
--> Initiating Exp 8: MHA Iso-KV-Cache (6 Layers) at Length 512
[transformers] PyTorch was not found. Models won't be available and only tokenizers, configuration and file/data utilities can be used.

🚀 [PID: 490566] Running Exp 8: MHA Iso-KV-Cache (6 Layers) at Length 512...
      Initializing model weights...
      Compiling XLA Graphs (This will take a moment, but only once!)...
      Params: 128.04M | VRAM: 819.97 MB | TTFT: 0.0121s | TPOT: 0.0027s
💤 Sleeping for 3 minutes to stabilize thermals...
--> Initiating Exp 9: MHA + RoPE (24 Layers) at Length 1024
[transformers] PyTorch was not found. Models won't be available and only tokenizers, configuration and file/data utilities can be used.

🚀 [PID: 493832] Running Exp 9: MHA + RoPE (24 Layers) at Length 1024...
      Initializing model weights...
      Compiling XLA Graphs (This will take a moment, but only once!)...
      Params: 353.55M | VRAM: 630.92 MB | TTFT: 0.0757s | TPOT: 0.0073s
💤 Sleeping for 3 minutes to stabilize thermals...
--> Initiating Exp 10: MHA + RoPE (28 Layers) at Length 2048
[transformers] PyTorch was not found. Models won't be available and only tokenizers, configuration and file/data utilities can be used.

🚀 [PID: 497143] Running Exp 10: MHA + RoPE (28 Layers) at Length 2048...
      Initializing model weights...
      Compiling XLA Graphs (This will take a moment, but only once!)...
      Params: 403.90M | VRAM: 1148.38 MB | TTFT: 0.2078s | TPOT: 0.0093s
💤 Sleeping for 3 minutes to stabilize thermals...
--> Initiating Exp 10: MHA + RoPE (28 Layers) at Length 4096
[transformers] PyTorch was not found. Models won't be available and only tokenizers, configuration and file/data utilities can be used.

🚀 [PID: 500543] Running Exp 10: MHA + RoPE (28 Layers) at Length 4096...
      Initializing model weights...
      Compiling XLA Graphs (This will take a moment, but only once!)...
      Params: 403.90M | VRAM: 3039.31 MB | TTFT: 0.5344s | TPOT: 0.0114s
💤 Sleeping for 3 minutes to stabilize thermals...
--> Initiating Exp 5: GQA + RoPE (30 Layers) at Length 4096
[transformers] PyTorch was not found. Models won't be available and only tokenizers, configuration and file/data utilities can be used.

🚀 [PID: 503943] Running Exp 5: GQA + RoPE (30 Layers) at Length 4096...
      Initializing model weights...
      Compiling XLA Graphs (This will take a moment, but only once!)...
      Params: 381.89M | VRAM: 2138.06 MB | TTFT: 0.5515s | TPOT: 0.0097s
💤 Sleeping for 3 minutes to stabilize thermals...
--> Initiating Exp 3: GTA + ALiBi (24 Layers) at Length 2048
[transformers] PyTorch was not found. Models won't be available and only tokenizers, configuration and file/data utilities can be used.

🚀 [PID: 507367] Running Exp 3: GTA + ALiBi (24 Layers) at Length 2048...
      Initializing model weights...
      Compiling XLA Graphs (This will take a moment, but only once!)...
      Params: 328.39M | VRAM: 1159.81 MB | TTFT: 0.1827s | TPOT: 0.0065s
💤 Sleeping for 3 minutes to stabilize thermals...
--> Initiating Exp 5: GQA + RoPE (30 Layers) at Length 512
[transformers] PyTorch was not found. Models won't be available and only tokenizers, configuration and file/data utilities can be used.

🚀 [PID: 510705] Running Exp 5: GQA + RoPE (30 Layers) at Length 512...
      Initializing model weights...
      Compiling XLA Graphs (This will take a moment, but only once!)...
      Params: 381.89M | VRAM: 680.76 MB | TTFT: 0.0447s | TPOT: 0.0082s
💤 Sleeping for 3 minutes to stabilize thermals...
--> Initiating Exp 10: MHA + RoPE (28 Layers) at Length 512
[transformers] PyTorch was not found. Models won't be available and only tokenizers, configuration and file/data utilities can be used.

🚀 [PID: 514116] Running Exp 10: MHA + RoPE (28 Layers) at Length 512...
      Initializing model weights...
      Compiling XLA Graphs (This will take a moment, but only once!)...
      Params: 403.90M | VRAM: 546.60 MB | TTFT: 0.0407s | TPOT: 0.0081s
💤 Sleeping for 3 minutes to stabilize thermals...
--> Initiating Exp 9: MHA + RoPE (24 Layers) at Length 2048
[transformers] PyTorch was not found. Models won't be available and only tokenizers, configuration and file/data utilities can be used.

🚀 [PID: 517498] Running Exp 9: MHA + RoPE (24 Layers) at Length 2048...
      Initializing model weights...
      Compiling XLA Graphs (This will take a moment, but only once!)...
      Params: 353.55M | VRAM: 1070.54 MB | TTFT: 0.1801s | TPOT: 0.0088s
💤 Sleeping for 3 minutes to stabilize thermals...
--> Initiating Exp 4: GQA + RoPE (28 Layers) at Length 1024
[transformers] PyTorch was not found. Models won't be available and only tokenizers, configuration and file/data utilities can be used.

🚀 [PID: 520856] Running Exp 4: GQA + RoPE (28 Layers) at Length 1024...
      Initializing model weights...
      Compiling XLA Graphs (This will take a moment, but only once!)...
      Params: 359.86M | VRAM: 805.76 MB | TTFT: 0.0827s | TPOT: 0.0075s
💤 Sleeping for 3 minutes to stabilize thermals...
--> Initiating Exp 4: GQA + RoPE (28 Layers) at Length 4096
[transformers] PyTorch was not found. Models won't be available and only tokenizers, configuration and file/data utilities can be used.

🚀 [PID: 524229] Running Exp 4: GQA + RoPE (28 Layers) at Length 4096...
      Initializing model weights...
      Compiling XLA Graphs (This will take a moment, but only once!)...
      Params: 359.86M | VRAM: 2124.55 MB | TTFT: 0.5265s | TPOT: 0.0085s
💤 Sleeping for 3 minutes to stabilize thermals...
--> Initiating Exp 8: MHA Iso-KV-Cache (6 Layers) at Length 1024
[transformers] PyTorch was not found. Models won't be available and only tokenizers, configuration and file/data utilities can be used.

🚀 [PID: 527643] Running Exp 8: MHA Iso-KV-Cache (6 Layers) at Length 1024...
      Initializing model weights...
      Compiling XLA Graphs (This will take a moment, but only once!)...
      Params: 128.56M | VRAM: 794.97 MB | TTFT: 0.0243s | TPOT: 0.0027s
💤 Sleeping for 3 minutes to stabilize thermals...
--> Initiating Exp 7: GTA + ALiBi (30 Layers) at Length 1024
[transformers] PyTorch was not found. Models won't be available and only tokenizers, configuration and file/data utilities can be used.

🚀 [PID: 530880] Running Exp 7: GTA + ALiBi (30 Layers) at Length 1024...
      Initializing model weights...
      Compiling XLA Graphs (This will take a moment, but only once!)...
      Params: 397.62M | VRAM: 790.76 MB | TTFT: 0.0826s | TPOT: 0.0073s
💤 Sleeping for 3 minutes to stabilize thermals...
--> Initiating Exp 4: GQA + RoPE (28 Layers) at Length 2048
[transformers] PyTorch was not found. Models won't be available and only tokenizers, configuration and file/data utilities can be used.

🚀 [PID: 534197] Running Exp 4: GQA + RoPE (28 Layers) at Length 2048...
      Initializing model weights...
      Compiling XLA Graphs (This will take a moment, but only once!)...
      Params: 359.86M | VRAM: 1148.56 MB | TTFT: 0.1947s | TPOT: 0.0071s
💤 Sleeping for 3 minutes to stabilize thermals...
--> Initiating Exp 1: Vanilla MHA (24 Layers) at Length 4096
[transformers] PyTorch was not found. Models won't be available and only tokenizers, configuration and file/data utilities can be used.

🚀 [PID: 537620] Running Exp 1: Vanilla MHA (24 Layers) at Length 4096...
      Initializing model weights...
      Compiling XLA Graphs (This will take a moment, but only once!)...
      Params: 358.27M | VRAM: 2563.04 MB | TTFT: 0.5485s | TPOT: 0.0090s
💤 Sleeping for 3 minutes to stabilize thermals...
--> Initiating Exp 1: Vanilla MHA (24 Layers) at Length 2048
[transformers] PyTorch was not found. Models won't be available and only tokenizers, configuration and file/data utilities can be used.

🚀 [PID: 540958] Running Exp 1: Vanilla MHA (24 Layers) at Length 2048...
      Initializing model weights...
      Compiling XLA Graphs (This will take a moment, but only once!)...
      Params: 356.17M | VRAM: 1046.12 MB | TTFT: 0.1690s | TPOT: 0.0078s
💤 Sleeping for 3 minutes to stabilize thermals...
--> Initiating Exp 5: GQA + RoPE (30 Layers) at Length 1024
[transformers] PyTorch was not found. Models won't be available and only tokenizers, configuration and file/data utilities can be used.

🚀 [PID: 544294] Running Exp 5: GQA + RoPE (30 Layers) at Length 1024...
      Initializing model weights...
      Compiling XLA Graphs (This will take a moment, but only once!)...
      Params: 381.89M | VRAM: 805.76 MB | TTFT: 0.1163s | TPOT: 0.0083s
💤 Sleeping for 3 minutes to stabilize thermals...
--> Initiating Exp 7: GTA + ALiBi (30 Layers) at Length 4096
[transformers] PyTorch was not found. Models won't be available and only tokenizers, configuration and file/data utilities can be used.

🚀 [PID: 547686] Running Exp 7: GTA + ALiBi (30 Layers) at Length 4096...
      Initializing model weights...
      Compiling XLA Graphs (This will take a moment, but only once!)...
      Params: 397.62M | VRAM: 2423.89 MB | TTFT: 0.5990s | TPOT: 0.0091s
💤 Sleeping for 3 minutes to stabilize thermals...
--> Initiating Exp 11: MHA + RoPE (30 Layers) at Length 4096
[transformers] PyTorch was not found. Models won't be available and only tokenizers, configuration and file/data utilities can be used.

🚀 [PID: 551063] Running Exp 11: MHA + RoPE (30 Layers) at Length 4096...
      Initializing model weights...
      Compiling XLA Graphs (This will take a moment, but only once!)...
      Params: 429.08M | VRAM: 3123.32 MB | TTFT: 0.5590s | TPOT: 0.0107s
💤 Sleeping for 3 minutes to stabilize thermals...
--> Initiating Exp 2: GQA + RoPE (24 Layers) at Length 2048
[transformers] PyTorch was not found. Models won't be available and only tokenizers, configuration and file/data utilities can be used.

🚀 [PID: 554478] Running Exp 2: GQA + RoPE (24 Layers) at Length 2048...
      Initializing model weights...
      Compiling XLA Graphs (This will take a moment, but only once!)...
      Params: 315.80M | VRAM: 1116.88 MB | TTFT: 0.1701s | TPOT: 0.0075s
💤 Sleeping for 3 minutes to stabilize thermals...
--> Initiating Exp 6: GTA + ALiBi (28 Layers) at Length 2048
[transformers] PyTorch was not found. Models won't be available and only tokenizers, configuration and file/data utilities can be used.

🚀 [PID: 557862] Running Exp 6: GTA + ALiBi (28 Layers) at Length 2048...
      Initializing model weights...
      Compiling XLA Graphs (This will take a moment, but only once!)...
      Params: 374.54M | VRAM: 1160.13 MB | TTFT: 0.2003s | TPOT: 0.0080s
💤 Sleeping for 3 minutes to stabilize thermals...
--> Initiating Exp 7: GTA + ALiBi (30 Layers) at Length 512
[transformers] PyTorch was not found. Models won't be available and only tokenizers, configuration and file/data utilities can be used.

🚀 [PID: 561211] Running Exp 7: GTA + ALiBi (30 Layers) at Length 512...
      Initializing model weights...
      Compiling XLA Graphs (This will take a moment, but only once!)...
      Params: 397.62M | VRAM: 642.60 MB | TTFT: 0.0384s | TPOT: 0.0062s
💤 Sleeping for 3 minutes to stabilize thermals...
--> Initiating Exp 3: GTA + ALiBi (24 Layers) at Length 1024
[transformers] PyTorch was not found. Models won't be available and only tokenizers, configuration and file/data utilities can be used.

🚀 [PID: 564570] Running Exp 3: GTA + ALiBi (24 Layers) at Length 1024...
      Initializing model weights...
      Compiling XLA Graphs (This will take a moment, but only once!)...
      Params: 328.39M | VRAM: 702.92 MB | TTFT: 0.0716s | TPOT: 0.0068s
💤 Sleeping for 3 minutes to stabilize thermals...
--> Initiating Exp 7: GTA + ALiBi (30 Layers) at Length 2048
[transformers] PyTorch was not found. Models won't be available and only tokenizers, configuration and file/data utilities can be used.

🚀 [PID: 567868] Running Exp 7: GTA + ALiBi (30 Layers) at Length 2048...
      Initializing model weights...
      Compiling XLA Graphs (This will take a moment, but only once!)...
      Params: 397.62M | VRAM: 1076.39 MB | TTFT: 0.2241s | TPOT: 0.0074s
💤 Sleeping for 3 minutes to stabilize thermals...
--> Initiating Exp 3: GTA + ALiBi (24 Layers) at Length 4096
[transformers] PyTorch was not found. Models won't be available and only tokenizers, configuration and file/data utilities can be used.

🚀 [PID: 571211] Running Exp 3: GTA + ALiBi (24 Layers) at Length 4096...
      Initializing model weights...
      Compiling XLA Graphs (This will take a moment, but only once!)...
      Params: 328.39M | VRAM: 2400.31 MB | TTFT: 0.4876s | TPOT: 0.0077s
💤 Sleeping for 3 minutes to stabilize thermals...
--> Initiating Exp 3: GTA + ALiBi (24 Layers) at Length 512
[transformers] PyTorch was not found. Models won't be available and only tokenizers, configuration and file/data utilities can be used.

🚀 [PID: 574558] Running Exp 3: GTA + ALiBi (24 Layers) at Length 512...
      Initializing model weights...
      Compiling XLA Graphs (This will take a moment, but only once!)...
      Params: 328.39M | VRAM: 676.44 MB | TTFT: 0.0378s | TPOT: 0.0057s
💤 Sleeping for 3 minutes to stabilize thermals...
--> Initiating Exp 2: GQA + RoPE (24 Layers) at Length 512
[transformers] PyTorch was not found. Models won't be available and only tokenizers, configuration and file/data utilities can be used.

🚀 [PID: 577899] Running Exp 2: GQA + RoPE (24 Layers) at Length 512...
      Initializing model weights...
      Compiling XLA Graphs (This will take a moment, but only once!)...
      Params: 315.80M | VRAM: 750.28 MB | TTFT: 0.0342s | TPOT: 0.0065s
💤 Sleeping for 3 minutes to stabilize thermals...
--> Initiating Exp 2: GQA + RoPE (24 Layers) at Length 4096
[transformers] PyTorch was not found. Models won't be available and only tokenizers, configuration and file/data utilities can be used.

🚀 [PID: 581293] Running Exp 2: GQA + RoPE (24 Layers) at Length 4096...
      Initializing model weights...
      Compiling XLA Graphs (This will take a moment, but only once!)...
      Params: 315.80M | VRAM: 2144.15 MB | TTFT: 0.4528s | TPOT: 0.0077s
💤 Sleeping for 3 minutes to stabilize thermals...
--> Initiating Exp 4: GQA + RoPE (28 Layers) at Length 512
[transformers] PyTorch was not found. Models won't be available and only tokenizers, configuration and file/data utilities can be used.

🚀 [PID: 584679] Running Exp 4: GQA + RoPE (28 Layers) at Length 512...
      Initializing model weights...
      Compiling XLA Graphs (This will take a moment, but only once!)...
      Params: 359.86M | VRAM: 637.44 MB | TTFT: 0.0402s | TPOT: 0.0081s
💤 Sleeping for 3 minutes to stabilize thermals...
--> Initiating Exp 6: GTA + ALiBi (28 Layers) at Length 4096
[transformers] PyTorch was not found. Models won't be available and only tokenizers, configuration and file/data utilities can be used.

🚀 [PID: 588067] Running Exp 6: GTA + ALiBi (28 Layers) at Length 4096...
      Initializing model weights...
      Compiling XLA Graphs (This will take a moment, but only once!)...
      Params: 374.54M | VRAM: 2392.05 MB | TTFT: 0.5399s | TPOT: 0.0079s
💤 Sleeping for 3 minutes to stabilize thermals...
--> Initiating Exp 6: GTA + ALiBi (28 Layers) at Length 512
[transformers] PyTorch was not found. Models won't be available and only tokenizers, configuration and file/data utilities can be used.

🚀 [PID: 591429] Running Exp 6: GTA + ALiBi (28 Layers) at Length 512...
      Initializing model weights...
      Compiling XLA Graphs (This will take a moment, but only once!)...
      Params: 374.54M | VRAM: 612.76 MB | TTFT: 0.0339s | TPOT: 0.0072s
💤 Sleeping for 3 minutes to stabilize thermals...
==========================================
    STARTING RUN 5 OF 5
==========================================
--> Initiating Exp 4: GQA + RoPE (28 Layers) at Length 2048
[transformers] PyTorch was not found. Models won't be available and only tokenizers, configuration and file/data utilities can be used.

🚀 [PID: 594787] Running Exp 4: GQA + RoPE (28 Layers) at Length 2048...
      Initializing model weights...
      Compiling XLA Graphs (This will take a moment, but only once!)...
      Params: 359.86M | VRAM: 1148.56 MB | TTFT: 0.1976s | TPOT: 0.0082s
💤 Sleeping for 3 minutes to stabilize thermals...
--> Initiating Exp 7: GTA + ALiBi (30 Layers) at Length 1024
[transformers] PyTorch was not found. Models won't be available and only tokenizers, configuration and file/data utilities can be used.

🚀 [PID: 598191] Running Exp 7: GTA + ALiBi (30 Layers) at Length 1024...
      Initializing model weights...
      Compiling XLA Graphs (This will take a moment, but only once!)...
      Params: 397.62M | VRAM: 790.76 MB | TTFT: 0.0857s | TPOT: 0.0072s
💤 Sleeping for 3 minutes to stabilize thermals...
--> Initiating Exp 10: MHA + RoPE (28 Layers) at Length 512
[transformers] PyTorch was not found. Models won't be available and only tokenizers, configuration and file/data utilities can be used.

🚀 [PID: 601529] Running Exp 10: MHA + RoPE (28 Layers) at Length 512...
      Initializing model weights...
      Compiling XLA Graphs (This will take a moment, but only once!)...
      Params: 403.90M | VRAM: 546.60 MB | TTFT: 0.0412s | TPOT: 0.0080s
💤 Sleeping for 3 minutes to stabilize thermals...
--> Initiating Exp 11: MHA + RoPE (30 Layers) at Length 2048
[transformers] PyTorch was not found. Models won't be available and only tokenizers, configuration and file/data utilities can be used.

🚀 [PID: 604904] Running Exp 11: MHA + RoPE (30 Layers) at Length 2048...
      Initializing model weights...
      Compiling XLA Graphs (This will take a moment, but only once!)...
      Params: 429.08M | VRAM: 1188.17 MB | TTFT: 0.2160s | TPOT: 0.0094s
💤 Sleeping for 3 minutes to stabilize thermals...
--> Initiating Exp 7: GTA + ALiBi (30 Layers) at Length 4096
[transformers] PyTorch was not found. Models won't be available and only tokenizers, configuration and file/data utilities can be used.

🚀 [PID: 608307] Running Exp 7: GTA + ALiBi (30 Layers) at Length 4096...
      Initializing model weights...
      Compiling XLA Graphs (This will take a moment, but only once!)...
      Params: 397.62M | VRAM: 2423.89 MB | TTFT: 0.6352s | TPOT: 0.0090s
💤 Sleeping for 3 minutes to stabilize thermals...
--> Initiating Exp 7: GTA + ALiBi (30 Layers) at Length 512
[transformers] PyTorch was not found. Models won't be available and only tokenizers, configuration and file/data utilities can be used.

🚀 [PID: 611676] Running Exp 7: GTA + ALiBi (30 Layers) at Length 512...
      Initializing model weights...
      Compiling XLA Graphs (This will take a moment, but only once!)...
      Params: 397.62M | VRAM: 642.60 MB | TTFT: 0.0373s | TPOT: 0.0061s
💤 Sleeping for 3 minutes to stabilize thermals...
--> Initiating Exp 9: MHA + RoPE (24 Layers) at Length 1024
[transformers] PyTorch was not found. Models won't be available and only tokenizers, configuration and file/data utilities can be used.

🚀 [PID: 615034] Running Exp 9: MHA + RoPE (24 Layers) at Length 1024...
      Initializing model weights...
      Compiling XLA Graphs (This will take a moment, but only once!)...
      Params: 353.55M | VRAM: 630.92 MB | TTFT: 0.0748s | TPOT: 0.0077s
💤 Sleeping for 3 minutes to stabilize thermals...
--> Initiating Exp 4: GQA + RoPE (28 Layers) at Length 4096
[transformers] PyTorch was not found. Models won't be available and only tokenizers, configuration and file/data utilities can be used.

🚀 [PID: 618365] Running Exp 4: GQA + RoPE (28 Layers) at Length 4096...
      Initializing model weights...
      Compiling XLA Graphs (This will take a moment, but only once!)...
      Params: 359.86M | VRAM: 2102.55 MB | TTFT: 0.5289s | TPOT: 0.0083s
💤 Sleeping for 3 minutes to stabilize thermals...
--> Initiating Exp 11: MHA + RoPE (30 Layers) at Length 512
[transformers] PyTorch was not found. Models won't be available and only tokenizers, configuration and file/data utilities can be used.

🚀 [PID: 621775] Running Exp 11: MHA + RoPE (30 Layers) at Length 512...
      Initializing model weights...
      Compiling XLA Graphs (This will take a moment, but only once!)...
      Params: 429.08M | VRAM: 536.67 MB | TTFT: 0.0472s | TPOT: 0.0084s
💤 Sleeping for 3 minutes to stabilize thermals...
--> Initiating Exp 9: MHA + RoPE (24 Layers) at Length 512
[transformers] PyTorch was not found. Models won't be available and only tokenizers, configuration and file/data utilities can be used.

🚀 [PID: 625159] Running Exp 9: MHA + RoPE (24 Layers) at Length 512...
      Initializing model weights...
      Compiling XLA Graphs (This will take a moment, but only once!)...
      Params: 353.55M | VRAM: 528.67 MB | TTFT: 0.0395s | TPOT: 0.0075s
💤 Sleeping for 3 minutes to stabilize thermals...
--> Initiating Exp 2: GQA + RoPE (24 Layers) at Length 1024
[transformers] PyTorch was not found. Models won't be available and only tokenizers, configuration and file/data utilities can be used.

🚀 [PID: 628526] Running Exp 2: GQA + RoPE (24 Layers) at Length 1024...
      Initializing model weights...
      Compiling XLA Graphs (This will take a moment, but only once!)...
      Params: 315.80M | VRAM: 738.92 MB | TTFT: 0.0609s | TPOT: 0.0062s
💤 Sleeping for 3 minutes to stabilize thermals...
--> Initiating Exp 6: GTA + ALiBi (28 Layers) at Length 1024
[transformers] PyTorch was not found. Models won't be available and only tokenizers, configuration and file/data utilities can be used.

🚀 [PID: 631882] Running Exp 6: GTA + ALiBi (28 Layers) at Length 1024...
      Initializing model weights...
      Compiling XLA Graphs (This will take a moment, but only once!)...
      Params: 374.54M | VRAM: 724.76 MB | TTFT: 0.0791s | TPOT: 0.0072s
💤 Sleeping for 3 minutes to stabilize thermals...
--> Initiating Exp 1: Vanilla MHA (24 Layers) at Length 512
[transformers] PyTorch was not found. Models won't be available and only tokenizers, configuration and file/data utilities can be used.

🚀 [PID: 635206] Running Exp 1: Vanilla MHA (24 Layers) at Length 512...
      Initializing model weights...
      Compiling XLA Graphs (This will take a moment, but only once!)...
      Params: 354.60M | VRAM: 530.67 MB | TTFT: 0.0384s | TPOT: 0.0073s
💤 Sleeping for 3 minutes to stabilize thermals...
--> Initiating Exp 4: GQA + RoPE (28 Layers) at Length 512
[transformers] PyTorch was not found. Models won't be available and only tokenizers, configuration and file/data utilities can be used.

🚀 [PID: 638534] Running Exp 4: GQA + RoPE (28 Layers) at Length 512...
      Initializing model weights...
      Compiling XLA Graphs (This will take a moment, but only once!)...
      Params: 359.86M | VRAM: 637.44 MB | TTFT: 0.0449s | TPOT: 0.0071s
💤 Sleeping for 3 minutes to stabilize thermals...
--> Initiating Exp 2: GQA + RoPE (24 Layers) at Length 4096
[transformers] PyTorch was not found. Models won't be available and only tokenizers, configuration and file/data utilities can be used.

🚀 [PID: 641943] Running Exp 2: GQA + RoPE (24 Layers) at Length 4096...
      Initializing model weights...
      Compiling XLA Graphs (This will take a moment, but only once!)...
      Params: 315.80M | VRAM: 2166.16 MB | TTFT: 0.4543s | TPOT: 0.0088s
💤 Sleeping for 3 minutes to stabilize thermals...
--> Initiating Exp 8: MHA Iso-KV-Cache (6 Layers) at Length 2048
[transformers] PyTorch was not found. Models won't be available and only tokenizers, configuration and file/data utilities can be used.

🚀 [PID: 645335] Running Exp 8: MHA Iso-KV-Cache (6 Layers) at Length 2048...
      Initializing model weights...
      Compiling XLA Graphs (This will take a moment, but only once!)...
      Params: 129.61M | VRAM: 1154.76 MB | TTFT: 0.0570s | TPOT: 0.0034s
💤 Sleeping for 3 minutes to stabilize thermals...
--> Initiating Exp 10: MHA + RoPE (28 Layers) at Length 2048
[transformers] PyTorch was not found. Models won't be available and only tokenizers, configuration and file/data utilities can be used.

🚀 [PID: 648605] Running Exp 10: MHA + RoPE (28 Layers) at Length 2048...
      Initializing model weights...
      Compiling XLA Graphs (This will take a moment, but only once!)...
      Params: 403.90M | VRAM: 1148.38 MB | TTFT: 0.2072s | TPOT: 0.0091s
💤 Sleeping for 3 minutes to stabilize thermals...
--> Initiating Exp 11: MHA + RoPE (30 Layers) at Length 1024
[transformers] PyTorch was not found. Models won't be available and only tokenizers, configuration and file/data utilities can be used.

🚀 [PID: 651996] Running Exp 11: MHA + RoPE (30 Layers) at Length 1024...
      Initializing model weights...
      Compiling XLA Graphs (This will take a moment, but only once!)...
      Params: 429.08M | VRAM: 653.59 MB | TTFT: 0.0909s | TPOT: 0.0082s
💤 Sleeping for 3 minutes to stabilize thermals...
--> Initiating Exp 4: GQA + RoPE (28 Layers) at Length 1024
[transformers] PyTorch was not found. Models won't be available and only tokenizers, configuration and file/data utilities can be used.

🚀 [PID: 655336] Running Exp 4: GQA + RoPE (28 Layers) at Length 1024...
      Initializing model weights...
      Compiling XLA Graphs (This will take a moment, but only once!)...
      Params: 359.86M | VRAM: 805.76 MB | TTFT: 0.0878s | TPOT: 0.0079s
💤 Sleeping for 3 minutes to stabilize thermals...
--> Initiating Exp 8: MHA Iso-KV-Cache (6 Layers) at Length 1024
[transformers] PyTorch was not found. Models won't be available and only tokenizers, configuration and file/data utilities can be used.

🚀 [PID: 658722] Running Exp 8: MHA Iso-KV-Cache (6 Layers) at Length 1024...
      Initializing model weights...
      Compiling XLA Graphs (This will take a moment, but only once!)...
      Params: 128.56M | VRAM: 794.97 MB | TTFT: 0.0243s | TPOT: 0.0035s
💤 Sleeping for 3 minutes to stabilize thermals...
--> Initiating Exp 1: Vanilla MHA (24 Layers) at Length 4096
[transformers] PyTorch was not found. Models won't be available and only tokenizers, configuration and file/data utilities can be used.

🚀 [PID: 661953] Running Exp 1: Vanilla MHA (24 Layers) at Length 4096...
      Initializing model weights...
      Compiling XLA Graphs (This will take a moment, but only once!)...
      Params: 358.27M | VRAM: 2563.05 MB | TTFT: 0.5423s | TPOT: 0.0086s
💤 Sleeping for 3 minutes to stabilize thermals...
--> Initiating Exp 10: MHA + RoPE (28 Layers) at Length 4096
[transformers] PyTorch was not found. Models won't be available and only tokenizers, configuration and file/data utilities can be used.

🚀 [PID: 665294] Running Exp 10: MHA + RoPE (28 Layers) at Length 4096...
      Initializing model weights...
      Compiling XLA Graphs (This will take a moment, but only once!)...
      Params: 403.90M | VRAM: 3039.31 MB | TTFT: 0.5274s | TPOT: 0.0103s
💤 Sleeping for 3 minutes to stabilize thermals...
--> Initiating Exp 3: GTA + ALiBi (24 Layers) at Length 2048
[transformers] PyTorch was not found. Models won't be available and only tokenizers, configuration and file/data utilities can be used.

🚀 [PID: 668686] Running Exp 3: GTA + ALiBi (24 Layers) at Length 2048...
      Initializing model weights...
      Compiling XLA Graphs (This will take a moment, but only once!)...
      Params: 328.39M | VRAM: 1159.81 MB | TTFT: 0.1838s | TPOT: 0.0069s
💤 Sleeping for 3 minutes to stabilize thermals...
--> Initiating Exp 2: GQA + RoPE (24 Layers) at Length 512
[transformers] PyTorch was not found. Models won't be available and only tokenizers, configuration and file/data utilities can be used.

🚀 [PID: 672013] Running Exp 2: GQA + RoPE (24 Layers) at Length 512...
      Initializing model weights...
      Compiling XLA Graphs (This will take a moment, but only once!)...
      Params: 315.80M | VRAM: 750.28 MB | TTFT: 0.0313s | TPOT: 0.0064s
💤 Sleeping for 3 minutes to stabilize thermals...
--> Initiating Exp 8: MHA Iso-KV-Cache (6 Layers) at Length 512
[transformers] PyTorch was not found. Models won't be available and only tokenizers, configuration and file/data utilities can be used.

🚀 [PID: 675400] Running Exp 8: MHA Iso-KV-Cache (6 Layers) at Length 512...
      Initializing model weights...
      Compiling XLA Graphs (This will take a moment, but only once!)...
      Params: 128.04M | VRAM: 819.97 MB | TTFT: 0.0122s | TPOT: 0.0025s
💤 Sleeping for 3 minutes to stabilize thermals...
--> Initiating Exp 1: Vanilla MHA (24 Layers) at Length 2048
[transformers] PyTorch was not found. Models won't be available and only tokenizers, configuration and file/data utilities can be used.

🚀 [PID: 678669] Running Exp 1: Vanilla MHA (24 Layers) at Length 2048...
      Initializing model weights...
      Compiling XLA Graphs (This will take a moment, but only once!)...
      Params: 356.17M | VRAM: 1046.12 MB | TTFT: 0.1826s | TPOT: 0.0078s
💤 Sleeping for 3 minutes to stabilize thermals...
--> Initiating Exp 5: GQA + RoPE (30 Layers) at Length 1024
[transformers] PyTorch was not found. Models won't be available and only tokenizers, configuration and file/data utilities can be used.

🚀 [PID: 681996] Running Exp 5: GQA + RoPE (30 Layers) at Length 1024...
      Initializing model weights...
      Compiling XLA Graphs (This will take a moment, but only once!)...
      Params: 381.89M | VRAM: 805.76 MB | TTFT: 0.0883s | TPOT: 0.0082s
💤 Sleeping for 3 minutes to stabilize thermals...
--> Initiating Exp 6: GTA + ALiBi (28 Layers) at Length 4096
[transformers] PyTorch was not found. Models won't be available and only tokenizers, configuration and file/data utilities can be used.

🚀 [PID: 685391] Running Exp 6: GTA + ALiBi (28 Layers) at Length 4096...
      Initializing model weights...
      Compiling XLA Graphs (This will take a moment, but only once!)...
      Params: 374.54M | VRAM: 2392.05 MB | TTFT: 0.5517s | TPOT: 0.0079s
💤 Sleeping for 3 minutes to stabilize thermals...
--> Initiating Exp 11: MHA + RoPE (30 Layers) at Length 4096
[transformers] PyTorch was not found. Models won't be available and only tokenizers, configuration and file/data utilities can be used.

🚀 [PID: 688750] Running Exp 11: MHA + RoPE (30 Layers) at Length 4096...
      Initializing model weights...
      Compiling XLA Graphs (This will take a moment, but only once!)...
      Params: 429.08M | VRAM: 3123.32 MB | TTFT: 0.5571s | TPOT: 0.0116s
💤 Sleeping for 3 minutes to stabilize thermals...
--> Initiating Exp 5: GQA + RoPE (30 Layers) at Length 2048
[transformers] PyTorch was not found. Models won't be available and only tokenizers, configuration and file/data utilities can be used.

🚀 [PID: 692156] Running Exp 5: GQA + RoPE (30 Layers) at Length 2048...
      Initializing model weights...
      Compiling XLA Graphs (This will take a moment, but only once!)...
      Params: 381.89M | VRAM: 1143.56 MB | TTFT: 0.2662s | TPOT: 0.0084s
💤 Sleeping for 3 minutes to stabilize thermals...
--> Initiating Exp 6: GTA + ALiBi (28 Layers) at Length 512
[transformers] PyTorch was not found. Models won't be available and only tokenizers, configuration and file/data utilities can be used.

🚀 [PID: 695582] Running Exp 6: GTA + ALiBi (28 Layers) at Length 512...
      Initializing model weights...
      Compiling XLA Graphs (This will take a moment, but only once!)...
      Params: 374.54M | VRAM: 612.76 MB | TTFT: 0.0409s | TPOT: 0.0059s
💤 Sleeping for 3 minutes to stabilize thermals...
--> Initiating Exp 5: GQA + RoPE (30 Layers) at Length 4096
[transformers] PyTorch was not found. Models won't be available and only tokenizers, configuration and file/data utilities can be used.

🚀 [PID: 698942] Running Exp 5: GQA + RoPE (30 Layers) at Length 4096...
      Initializing model weights...
      Compiling XLA Graphs (This will take a moment, but only once!)...
      Params: 381.89M | VRAM: 2138.06 MB | TTFT: 0.5624s | TPOT: 0.0096s
💤 Sleeping for 3 minutes to stabilize thermals...
--> Initiating Exp 3: GTA + ALiBi (24 Layers) at Length 512
[transformers] PyTorch was not found. Models won't be available and only tokenizers, configuration and file/data utilities can be used.

🚀 [PID: 702354] Running Exp 3: GTA + ALiBi (24 Layers) at Length 512...
      Initializing model weights...
      Compiling XLA Graphs (This will take a moment, but only once!)...
      Params: 328.39M | VRAM: 676.44 MB | TTFT: 0.0331s | TPOT: 0.0057s
💤 Sleeping for 3 minutes to stabilize thermals...
--> Initiating Exp 10: MHA + RoPE (28 Layers) at Length 1024
[transformers] PyTorch was not found. Models won't be available and only tokenizers, configuration and file/data utilities can be used.

🚀 [PID: 705670] Running Exp 10: MHA + RoPE (28 Layers) at Length 1024...
      Initializing model weights...
      Compiling XLA Graphs (This will take a moment, but only once!)...
      Params: 403.90M | VRAM: 627.76 MB | TTFT: 0.0855s | TPOT: 0.0081s
💤 Sleeping for 3 minutes to stabilize thermals...
--> Initiating Exp 5: GQA + RoPE (30 Layers) at Length 512
[transformers] PyTorch was not found. Models won't be available and only tokenizers, configuration and file/data utilities can be used.

🚀 [PID: 709014] Running Exp 5: GQA + RoPE (30 Layers) at Length 512...
      Initializing model weights...
      Compiling XLA Graphs (This will take a moment, but only once!)...
      Params: 381.89M | VRAM: 680.76 MB | TTFT: 0.0446s | TPOT: 0.0082s
💤 Sleeping for 3 minutes to stabilize thermals...
--> Initiating Exp 2: GQA + RoPE (24 Layers) at Length 2048
[transformers] PyTorch was not found. Models won't be available and only tokenizers, configuration and file/data utilities can be used.

🚀 [PID: 712433] Running Exp 2: GQA + RoPE (24 Layers) at Length 2048...
      Initializing model weights...
      Compiling XLA Graphs (This will take a moment, but only once!)...
      Params: 315.80M | VRAM: 1116.88 MB | TTFT: 0.1691s | TPOT: 0.0065s
💤 Sleeping for 3 minutes to stabilize thermals...
--> Initiating Exp 1: Vanilla MHA (24 Layers) at Length 1024
[transformers] PyTorch was not found. Models won't be available and only tokenizers, configuration and file/data utilities can be used.

🚀 [PID: 715829] Running Exp 1: Vanilla MHA (24 Layers) at Length 1024...
      Initializing model weights...
      Compiling XLA Graphs (This will take a moment, but only once!)...
      Params: 355.13M | VRAM: 630.92 MB | TTFT: 0.0742s | TPOT: 0.0074s
💤 Sleeping for 3 minutes to stabilize thermals...
--> Initiating Exp 8: MHA Iso-KV-Cache (6 Layers) at Length 4096
[transformers] PyTorch was not found. Models won't be available and only tokenizers, configuration and file/data utilities can be used.

🚀 [PID: 719135] Running Exp 8: MHA Iso-KV-Cache (6 Layers) at Length 4096...
      Initializing model weights...
      Compiling XLA Graphs (This will take a moment, but only once!)...
      Params: 131.71M | VRAM: 2102.29 MB | TTFT: 0.1506s | TPOT: 0.0037s
💤 Sleeping for 3 minutes to stabilize thermals...
--> Initiating Exp 9: MHA + RoPE (24 Layers) at Length 2048
[transformers] PyTorch was not found. Models won't be available and only tokenizers, configuration and file/data utilities can be used.

🚀 [PID: 722374] Running Exp 9: MHA + RoPE (24 Layers) at Length 2048...
      Initializing model weights...
      Compiling XLA Graphs (This will take a moment, but only once!)...
      Params: 353.55M | VRAM: 1070.54 MB | TTFT: 0.1800s | TPOT: 0.0077s
💤 Sleeping for 3 minutes to stabilize thermals...
--> Initiating Exp 9: MHA + RoPE (24 Layers) at Length 4096
[transformers] PyTorch was not found. Models won't be available and only tokenizers, configuration and file/data utilities can be used.

🚀 [PID: 725747] Running Exp 9: MHA + RoPE (24 Layers) at Length 4096...
      Initializing model weights...
      Compiling XLA Graphs (This will take a moment, but only once!)...
      Params: 353.55M | VRAM: 2954.04 MB | TTFT: 0.5024s | TPOT: 0.0088s
💤 Sleeping for 3 minutes to stabilize thermals...
--> Initiating Exp 7: GTA + ALiBi (30 Layers) at Length 2048
[transformers] PyTorch was not found. Models won't be available and only tokenizers, configuration and file/data utilities can be used.

🚀 [PID: 729114] Running Exp 7: GTA + ALiBi (30 Layers) at Length 2048...
      Initializing model weights...
      Compiling XLA Graphs (This will take a moment, but only once!)...
      Params: 397.62M | VRAM: 1076.39 MB | TTFT: 0.2173s | TPOT: 0.0084s
💤 Sleeping for 3 minutes to stabilize thermals...
--> Initiating Exp 3: GTA + ALiBi (24 Layers) at Length 4096
[transformers] PyTorch was not found. Models won't be available and only tokenizers, configuration and file/data utilities can be used.

🚀 [PID: 732475] Running Exp 3: GTA + ALiBi (24 Layers) at Length 4096...
      Initializing model weights...
      Compiling XLA Graphs (This will take a moment, but only once!)...
      Params: 328.39M | VRAM: 2400.31 MB | TTFT: 0.4947s | TPOT: 0.0087s
💤 Sleeping for 3 minutes to stabilize thermals...
--> Initiating Exp 6: GTA + ALiBi (28 Layers) at Length 2048
[transformers] PyTorch was not found. Models won't be available and only tokenizers, configuration and file/data utilities can be used.

🚀 [PID: 735816] Running Exp 6: GTA + ALiBi (28 Layers) at Length 2048...
      Initializing model weights...
      Compiling XLA Graphs (This will take a moment, but only once!)...
      Params: 374.54M | VRAM: 1160.13 MB | TTFT: 0.2108s | TPOT: 0.0073s
💤 Sleeping for 3 minutes to stabilize thermals...
--> Initiating Exp 3: GTA + ALiBi (24 Layers) at Length 1024
[transformers] PyTorch was not found. Models won't be available and only tokenizers, configuration and file/data utilities can be used.

🚀 [PID: 739179] Running Exp 3: GTA + ALiBi (24 Layers) at Length 1024...
      Initializing model weights...
      Compiling XLA Graphs (This will take a moment, but only once!)...
      Params: 328.39M | VRAM: 702.92 MB | TTFT: 0.0688s | TPOT: 0.0059s
💤 Sleeping for 3 minutes to stabilize thermals...
