==========================================
    STARTING FULLY RANDOMIZED BENCHMARK
==========================================
==========================================
    STARTING RUN 1 OF 5
==========================================
--> Initiating Exp 5: GQA + RoPE (30 Layers) at Length 2048
WARNING: All log messages before absl::InitializeLog() is called are written to STDERR
I0000 00:00:1780824913.000259   15306 port.cc:153] oneDNN custom operations are on. You may see slightly different numerical results due to floating-point round-off errors from different computation orders. To turn them off, set the environment variable `TF_ENABLE_ONEDNN_OPTS=0`.
WARNING: All log messages before absl::InitializeLog() is called are written to STDERR
I0000 00:00:1780824918.084592   15306 port.cc:153] oneDNN custom operations are on. You may see slightly different numerical results due to floating-point round-off errors from different computation orders. To turn them off, set the environment variable `TF_ENABLE_ONEDNN_OPTS=0`.
[transformers] PyTorch was not found. Models won't be available and only tokenizers, configuration and file/data utilities can be used.
Warning: You are sending unauthenticated requests to the HF Hub. Please set a HF_TOKEN to enable higher rate limits and faster downloads.
/root/anaconda3/envs/tensorflow-gpu/lib/python3.12/site-packages/keras/src/ops/nn.py:947: UserWarning: You are using a softmax over axis -1 of a tensor of shape (1, 16, 1, 1). This axis has size 1. The softmax operation will always return the value 1, which is likely not what you intended. Did you mean to use a sigmoid instead?
  warnings.warn(

🚀 [PID: 15306] Running Exp 5: GQA + RoPE (30 Layers) at Length 2048...
      Warming up GPU kernels (Eager execution)...
      Params: 382.04M | VRAM: 1968.84 MB | TTFT: 1.5729s | TPOT: 1.0924s
💤 Sleeping for 1 minute to stabilize thermals...
--> Initiating Exp 4: GQA + RoPE (28 Layers) at Length 2048
WARNING: All log messages before absl::InitializeLog() is called are written to STDERR
I0000 00:00:1780825130.203229   17653 port.cc:153] oneDNN custom operations are on. You may see slightly different numerical results due to floating-point round-off errors from different computation orders. To turn them off, set the environment variable `TF_ENABLE_ONEDNN_OPTS=0`.
WARNING: All log messages before absl::InitializeLog() is called are written to STDERR
I0000 00:00:1780825133.263332   17653 port.cc:153] oneDNN custom operations are on. You may see slightly different numerical results due to floating-point round-off errors from different computation orders. To turn them off, set the environment variable `TF_ENABLE_ONEDNN_OPTS=0`.
[transformers] PyTorch was not found. Models won't be available and only tokenizers, configuration and file/data utilities can be used.
Warning: You are sending unauthenticated requests to the HF Hub. Please set a HF_TOKEN to enable higher rate limits and faster downloads.
/root/anaconda3/envs/tensorflow-gpu/lib/python3.12/site-packages/keras/src/ops/nn.py:947: UserWarning: You are using a softmax over axis -1 of a tensor of shape (1, 16, 1, 1). This axis has size 1. The softmax operation will always return the value 1, which is likely not what you intended. Did you mean to use a sigmoid instead?
  warnings.warn(

🚀 [PID: 17653] Running Exp 4: GQA + RoPE (28 Layers) at Length 2048...
      Warming up GPU kernels (Eager execution)...
      Params: 360.00M | VRAM: 1922.81 MB | TTFT: 1.3735s | TPOT: 1.0570s
💤 Sleeping for 1 minute to stabilize thermals...
--> Initiating Exp 2: GQA + RoPE (24 Layers) at Length 2048
WARNING: All log messages before absl::InitializeLog() is called are written to STDERR
I0000 00:00:1780825332.573340   19890 port.cc:153] oneDNN custom operations are on. You may see slightly different numerical results due to floating-point round-off errors from different computation orders. To turn them off, set the environment variable `TF_ENABLE_ONEDNN_OPTS=0`.
WARNING: All log messages before absl::InitializeLog() is called are written to STDERR
I0000 00:00:1780825335.177471   19890 port.cc:153] oneDNN custom operations are on. You may see slightly different numerical results due to floating-point round-off errors from different computation orders. To turn them off, set the environment variable `TF_ENABLE_ONEDNN_OPTS=0`.
[transformers] PyTorch was not found. Models won't be available and only tokenizers, configuration and file/data utilities can be used.
/root/anaconda3/envs/tensorflow-gpu/lib/python3.12/site-packages/keras/src/ops/nn.py:947: UserWarning: You are using a softmax over axis -1 of a tensor of shape (1, 16, 1, 1). This axis has size 1. The softmax operation will always return the value 1, which is likely not what you intended. Did you mean to use a sigmoid instead?
  warnings.warn(

🚀 [PID: 19890] Running Exp 2: GQA + RoPE (24 Layers) at Length 2048...
      Warming up GPU kernels (Eager execution)...
      Params: 315.93M | VRAM: 1830.73 MB | TTFT: 1.1567s | TPOT: 0.9306s
💤 Sleeping for 1 minute to stabilize thermals...
--> Initiating Exp 1: Vanilla MHA (24 Layers) at Length 1024
WARNING: All log messages before absl::InitializeLog() is called are written to STDERR
I0000 00:00:1780825519.034180   21948 port.cc:153] oneDNN custom operations are on. You may see slightly different numerical results due to floating-point round-off errors from different computation orders. To turn them off, set the environment variable `TF_ENABLE_ONEDNN_OPTS=0`.
WARNING: All log messages before absl::InitializeLog() is called are written to STDERR
I0000 00:00:1780825521.492030   21948 port.cc:153] oneDNN custom operations are on. You may see slightly different numerical results due to floating-point round-off errors from different computation orders. To turn them off, set the environment variable `TF_ENABLE_ONEDNN_OPTS=0`.
[transformers] PyTorch was not found. Models won't be available and only tokenizers, configuration and file/data utilities can be used.
/root/anaconda3/envs/tensorflow-gpu/lib/python3.12/site-packages/keras/src/ops/nn.py:947: UserWarning: You are using a softmax over axis -1 of a tensor of shape (1, 16, 1, 1). This axis has size 1. The softmax operation will always return the value 1, which is likely not what you intended. Did you mean to use a sigmoid instead?
  warnings.warn(

🚀 [PID: 21948] Running Exp 1: Vanilla MHA (24 Layers) at Length 1024...
      Warming up GPU kernels (Eager execution)...
      Params: 354.83M | VRAM: 1072.99 MB | TTFT: 0.7427s | TPOT: 0.5634s
💤 Sleeping for 1 minute to stabilize thermals...
--> Initiating Exp 4: GQA + RoPE (28 Layers) at Length 512
WARNING: All log messages before absl::InitializeLog() is called are written to STDERR
I0000 00:00:1780825662.684341   23564 port.cc:153] oneDNN custom operations are on. You may see slightly different numerical results due to floating-point round-off errors from different computation orders. To turn them off, set the environment variable `TF_ENABLE_ONEDNN_OPTS=0`.
WARNING: All log messages before absl::InitializeLog() is called are written to STDERR
I0000 00:00:1780825665.173687   23564 port.cc:153] oneDNN custom operations are on. You may see slightly different numerical results due to floating-point round-off errors from different computation orders. To turn them off, set the environment variable `TF_ENABLE_ONEDNN_OPTS=0`.
[transformers] PyTorch was not found. Models won't be available and only tokenizers, configuration and file/data utilities can be used.
Warning: You are sending unauthenticated requests to the HF Hub. Please set a HF_TOKEN to enable higher rate limits and faster downloads.
/root/anaconda3/envs/tensorflow-gpu/lib/python3.12/site-packages/keras/src/ops/nn.py:947: UserWarning: You are using a softmax over axis -1 of a tensor of shape (1, 16, 1, 1). This axis has size 1. The softmax operation will always return the value 1, which is likely not what you intended. Did you mean to use a sigmoid instead?
  warnings.warn(

🚀 [PID: 23564] Running Exp 4: GQA + RoPE (28 Layers) at Length 512...
      Warming up GPU kernels (Eager execution)...
      Params: 360.00M | VRAM: 862.02 MB | TTFT: 1.3276s | TPOT: 1.0580s
💤 Sleeping for 1 minute to stabilize thermals...
--> Initiating Exp 5: GQA + RoPE (30 Layers) at Length 4096
WARNING: All log messages before absl::InitializeLog() is called are written to STDERR
I0000 00:00:1780825863.830175   25736 port.cc:153] oneDNN custom operations are on. You may see slightly different numerical results due to floating-point round-off errors from different computation orders. To turn them off, set the environment variable `TF_ENABLE_ONEDNN_OPTS=0`.
WARNING: All log messages before absl::InitializeLog() is called are written to STDERR
I0000 00:00:1780825866.280842   25736 port.cc:153] oneDNN custom operations are on. You may see slightly different numerical results due to floating-point round-off errors from different computation orders. To turn them off, set the environment variable `TF_ENABLE_ONEDNN_OPTS=0`.
[transformers] PyTorch was not found. Models won't be available and only tokenizers, configuration and file/data utilities can be used.
Warning: You are sending unauthenticated requests to the HF Hub. Please set a HF_TOKEN to enable higher rate limits and faster downloads.
/root/anaconda3/envs/tensorflow-gpu/lib/python3.12/site-packages/keras/src/ops/nn.py:947: UserWarning: You are using a softmax over axis -1 of a tensor of shape (1, 16, 1, 1). This axis has size 1. The softmax operation will always return the value 1, which is likely not what you intended. Did you mean to use a sigmoid instead?
  warnings.warn(

🚀 [PID: 25736] Running Exp 5: GQA + RoPE (30 Layers) at Length 4096...
      Warming up GPU kernels (Eager execution)...
      Params: 382.04M | VRAM: 5544.87 MB | TTFT: 3.5645s | TPOT: 1.1416s
💤 Sleeping for 1 minute to stabilize thermals...
--> Initiating Exp 4: GQA + RoPE (28 Layers) at Length 4096
WARNING: All log messages before absl::InitializeLog() is called are written to STDERR
I0000 00:00:1780826078.206279   28068 port.cc:153] oneDNN custom operations are on. You may see slightly different numerical results due to floating-point round-off errors from different computation orders. To turn them off, set the environment variable `TF_ENABLE_ONEDNN_OPTS=0`.
WARNING: All log messages before absl::InitializeLog() is called are written to STDERR
I0000 00:00:1780826080.739027   28068 port.cc:153] oneDNN custom operations are on. You may see slightly different numerical results due to floating-point round-off errors from different computation orders. To turn them off, set the environment variable `TF_ENABLE_ONEDNN_OPTS=0`.
[transformers] PyTorch was not found. Models won't be available and only tokenizers, configuration and file/data utilities can be used.
Warning: You are sending unauthenticated requests to the HF Hub. Please set a HF_TOKEN to enable higher rate limits and faster downloads.
/root/anaconda3/envs/tensorflow-gpu/lib/python3.12/site-packages/keras/src/ops/nn.py:947: UserWarning: You are using a softmax over axis -1 of a tensor of shape (1, 16, 1, 1). This axis has size 1. The softmax operation will always return the value 1, which is likely not what you intended. Did you mean to use a sigmoid instead?
  warnings.warn(

🚀 [PID: 28068] Running Exp 4: GQA + RoPE (28 Layers) at Length 4096...
      Warming up GPU kernels (Eager execution)...
      Params: 360.00M | VRAM: 5494.83 MB | TTFT: 3.2819s | TPOT: 1.0558s
💤 Sleeping for 1 minute to stabilize thermals...
--> Initiating Exp 3: GTA + ALiBi (24 Layers) at Length 2048
WARNING: All log messages before absl::InitializeLog() is called are written to STDERR
I0000 00:00:1780826283.052946   30276 port.cc:153] oneDNN custom operations are on. You may see slightly different numerical results due to floating-point round-off errors from different computation orders. To turn them off, set the environment variable `TF_ENABLE_ONEDNN_OPTS=0`.
WARNING: All log messages before absl::InitializeLog() is called are written to STDERR
I0000 00:00:1780826285.515701   30276 port.cc:153] oneDNN custom operations are on. You may see slightly different numerical results due to floating-point round-off errors from different computation orders. To turn them off, set the environment variable `TF_ENABLE_ONEDNN_OPTS=0`.
[transformers] PyTorch was not found. Models won't be available and only tokenizers, configuration and file/data utilities can be used.
Warning: You are sending unauthenticated requests to the HF Hub. Please set a HF_TOKEN to enable higher rate limits and faster downloads.
/root/anaconda3/envs/tensorflow-gpu/lib/python3.12/site-packages/keras/src/ops/nn.py:947: UserWarning: You are using a softmax over axis -1 of a tensor of shape (1, 16, 1, 1). This axis has size 1. The softmax operation will always return the value 1, which is likely not what you intended. Did you mean to use a sigmoid instead?
  warnings.warn(

🚀 [PID: 30276] Running Exp 3: GTA + ALiBi (24 Layers) at Length 2048...
      Warming up GPU kernels (Eager execution)...
      Params: 328.51M | VRAM: 1922.75 MB | TTFT: 0.9500s | TPOT: 0.6917s
💤 Sleeping for 1 minute to stabilize thermals...
--> Initiating Exp 1: Vanilla MHA (24 Layers) at Length 512
WARNING: All log messages before absl::InitializeLog() is called are written to STDERR
I0000 00:00:1780826439.624880   32035 port.cc:153] oneDNN custom operations are on. You may see slightly different numerical results due to floating-point round-off errors from different computation orders. To turn them off, set the environment variable `TF_ENABLE_ONEDNN_OPTS=0`.
WARNING: All log messages before absl::InitializeLog() is called are written to STDERR
I0000 00:00:1780826442.090391   32035 port.cc:153] oneDNN custom operations are on. You may see slightly different numerical results due to floating-point round-off errors from different computation orders. To turn them off, set the environment variable `TF_ENABLE_ONEDNN_OPTS=0`.
[transformers] PyTorch was not found. Models won't be available and only tokenizers, configuration and file/data utilities can be used.
/root/anaconda3/envs/tensorflow-gpu/lib/python3.12/site-packages/keras/src/ops/nn.py:947: UserWarning: You are using a softmax over axis -1 of a tensor of shape (1, 16, 1, 1). This axis has size 1. The softmax operation will always return the value 1, which is likely not what you intended. Did you mean to use a sigmoid instead?
  warnings.warn(

🚀 [PID: 32035] Running Exp 1: Vanilla MHA (24 Layers) at Length 512...
      Warming up GPU kernels (Eager execution)...
      Params: 354.30M | VRAM: 919.21 MB | TTFT: 0.6591s | TPOT: 0.6471s
💤 Sleeping for 1 minute to stabilize thermals...
--> Initiating Exp 3: GTA + ALiBi (24 Layers) at Length 1024
WARNING: All log messages before absl::InitializeLog() is called are written to STDERR
I0000 00:00:1780826591.199668   33747 port.cc:153] oneDNN custom operations are on. You may see slightly different numerical results due to floating-point round-off errors from different computation orders. To turn them off, set the environment variable `TF_ENABLE_ONEDNN_OPTS=0`.
WARNING: All log messages before absl::InitializeLog() is called are written to STDERR
I0000 00:00:1780826593.684908   33747 port.cc:153] oneDNN custom operations are on. You may see slightly different numerical results due to floating-point round-off errors from different computation orders. To turn them off, set the environment variable `TF_ENABLE_ONEDNN_OPTS=0`.
[transformers] PyTorch was not found. Models won't be available and only tokenizers, configuration and file/data utilities can be used.
Warning: You are sending unauthenticated requests to the HF Hub. Please set a HF_TOKEN to enable higher rate limits and faster downloads.
/root/anaconda3/envs/tensorflow-gpu/lib/python3.12/site-packages/keras/src/ops/nn.py:947: UserWarning: You are using a softmax over axis -1 of a tensor of shape (1, 16, 1, 1). This axis has size 1. The softmax operation will always return the value 1, which is likely not what you intended. Did you mean to use a sigmoid instead?
  warnings.warn(

🚀 [PID: 33747] Running Exp 3: GTA + ALiBi (24 Layers) at Length 1024...
      Warming up GPU kernels (Eager execution)...
      Params: 328.51M | VRAM: 978.74 MB | TTFT: 0.6622s | TPOT: 0.6488s
💤 Sleeping for 1 minute to stabilize thermals...
--> Initiating Exp 2: GQA + RoPE (24 Layers) at Length 4096
WARNING: All log messages before absl::InitializeLog() is called are written to STDERR
I0000 00:00:1780826743.013238   35437 port.cc:153] oneDNN custom operations are on. You may see slightly different numerical results due to floating-point round-off errors from different computation orders. To turn them off, set the environment variable `TF_ENABLE_ONEDNN_OPTS=0`.
WARNING: All log messages before absl::InitializeLog() is called are written to STDERR
I0000 00:00:1780826745.488076   35437 port.cc:153] oneDNN custom operations are on. You may see slightly different numerical results due to floating-point round-off errors from different computation orders. To turn them off, set the environment variable `TF_ENABLE_ONEDNN_OPTS=0`.
[transformers] PyTorch was not found. Models won't be available and only tokenizers, configuration and file/data utilities can be used.
Warning: You are sending unauthenticated requests to the HF Hub. Please set a HF_TOKEN to enable higher rate limits and faster downloads.
/root/anaconda3/envs/tensorflow-gpu/lib/python3.12/site-packages/keras/src/ops/nn.py:947: UserWarning: You are using a softmax over axis -1 of a tensor of shape (1, 16, 1, 1). This axis has size 1. The softmax operation will always return the value 1, which is likely not what you intended. Did you mean to use a sigmoid instead?
  warnings.warn(

🚀 [PID: 35437] Running Exp 2: GQA + RoPE (24 Layers) at Length 4096...
      Warming up GPU kernels (Eager execution)...
      Params: 315.93M | VRAM: 5394.75 MB | TTFT: 2.9034s | TPOT: 0.9470s
💤 Sleeping for 1 minute to stabilize thermals...
--> Initiating Exp 4: GQA + RoPE (28 Layers) at Length 1024
WARNING: All log messages before absl::InitializeLog() is called are written to STDERR
I0000 00:00:1780826934.361870   37532 port.cc:153] oneDNN custom operations are on. You may see slightly different numerical results due to floating-point round-off errors from different computation orders. To turn them off, set the environment variable `TF_ENABLE_ONEDNN_OPTS=0`.
WARNING: All log messages before absl::InitializeLog() is called are written to STDERR
I0000 00:00:1780826936.878779   37532 port.cc:153] oneDNN custom operations are on. You may see slightly different numerical results due to floating-point round-off errors from different computation orders. To turn them off, set the environment variable `TF_ENABLE_ONEDNN_OPTS=0`.
[transformers] PyTorch was not found. Models won't be available and only tokenizers, configuration and file/data utilities can be used.
Warning: You are sending unauthenticated requests to the HF Hub. Please set a HF_TOKEN to enable higher rate limits and faster downloads.
/root/anaconda3/envs/tensorflow-gpu/lib/python3.12/site-packages/keras/src/ops/nn.py:947: UserWarning: You are using a softmax over axis -1 of a tensor of shape (1, 16, 1, 1). This axis has size 1. The softmax operation will always return the value 1, which is likely not what you intended. Did you mean to use a sigmoid instead?
  warnings.warn(

🚀 [PID: 37532] Running Exp 4: GQA + RoPE (28 Layers) at Length 1024...
      Warming up GPU kernels (Eager execution)...
      Params: 360.00M | VRAM: 1012.79 MB | TTFT: 1.3792s | TPOT: 1.0789s
💤 Sleeping for 1 minute to stabilize thermals...
--> Initiating Exp 6: GTA + ALiBi (28 Layers) at Length 1024
WARNING: All log messages before absl::InitializeLog() is called are written to STDERR
I0000 00:00:1780827137.807076   39758 port.cc:153] oneDNN custom operations are on. You may see slightly different numerical results due to floating-point round-off errors from different computation orders. To turn them off, set the environment variable `TF_ENABLE_ONEDNN_OPTS=0`.
WARNING: All log messages before absl::InitializeLog() is called are written to STDERR
I0000 00:00:1780827140.282426   39758 port.cc:153] oneDNN custom operations are on. You may see slightly different numerical results due to floating-point round-off errors from different computation orders. To turn them off, set the environment variable `TF_ENABLE_ONEDNN_OPTS=0`.
[transformers] PyTorch was not found. Models won't be available and only tokenizers, configuration and file/data utilities can be used.
Warning: You are sending unauthenticated requests to the HF Hub. Please set a HF_TOKEN to enable higher rate limits and faster downloads.
/root/anaconda3/envs/tensorflow-gpu/lib/python3.12/site-packages/keras/src/ops/nn.py:947: UserWarning: You are using a softmax over axis -1 of a tensor of shape (1, 16, 1, 1). This axis has size 1. The softmax operation will always return the value 1, which is likely not what you intended. Did you mean to use a sigmoid instead?
  warnings.warn(

🚀 [PID: 39758] Running Exp 6: GTA + ALiBi (28 Layers) at Length 1024...
      Warming up GPU kernels (Eager execution)...
      Params: 374.68M | VRAM: 1074.82 MB | TTFT: 0.8645s | TPOT: 0.7505s
💤 Sleeping for 1 minute to stabilize thermals...
--> Initiating Exp 3: GTA + ALiBi (24 Layers) at Length 512
WARNING: All log messages before absl::InitializeLog() is called are written to STDERR
I0000 00:00:1780827302.824286   41599 port.cc:153] oneDNN custom operations are on. You may see slightly different numerical results due to floating-point round-off errors from different computation orders. To turn them off, set the environment variable `TF_ENABLE_ONEDNN_OPTS=0`.
WARNING: All log messages before absl::InitializeLog() is called are written to STDERR
I0000 00:00:1780827307.027522   41599 port.cc:153] oneDNN custom operations are on. You may see slightly different numerical results due to floating-point round-off errors from different computation orders. To turn them off, set the environment variable `TF_ENABLE_ONEDNN_OPTS=0`.
[transformers] PyTorch was not found. Models won't be available and only tokenizers, configuration and file/data utilities can be used.
Warning: You are sending unauthenticated requests to the HF Hub. Please set a HF_TOKEN to enable higher rate limits and faster downloads.
/root/anaconda3/envs/tensorflow-gpu/lib/python3.12/site-packages/keras/src/ops/nn.py:947: UserWarning: You are using a softmax over axis -1 of a tensor of shape (1, 16, 1, 1). This axis has size 1. The softmax operation will always return the value 1, which is likely not what you intended. Did you mean to use a sigmoid instead?
  warnings.warn(

🚀 [PID: 41599] Running Exp 3: GTA + ALiBi (24 Layers) at Length 512...
      Warming up GPU kernels (Eager execution)...
      Params: 328.51M | VRAM: 821.97 MB | TTFT: 0.7493s | TPOT: 0.6745s
💤 Sleeping for 1 minute to stabilize thermals...
--> Initiating Exp 6: GTA + ALiBi (28 Layers) at Length 2048
WARNING: All log messages before absl::InitializeLog() is called are written to STDERR
I0000 00:00:1780827460.873917   43403 port.cc:153] oneDNN custom operations are on. You may see slightly different numerical results due to floating-point round-off errors from different computation orders. To turn them off, set the environment variable `TF_ENABLE_ONEDNN_OPTS=0`.
WARNING: All log messages before absl::InitializeLog() is called are written to STDERR
I0000 00:00:1780827463.335896   43403 port.cc:153] oneDNN custom operations are on. You may see slightly different numerical results due to floating-point round-off errors from different computation orders. To turn them off, set the environment variable `TF_ENABLE_ONEDNN_OPTS=0`.
[transformers] PyTorch was not found. Models won't be available and only tokenizers, configuration and file/data utilities can be used.
Warning: You are sending unauthenticated requests to the HF Hub. Please set a HF_TOKEN to enable higher rate limits and faster downloads.
/root/anaconda3/envs/tensorflow-gpu/lib/python3.12/site-packages/keras/src/ops/nn.py:947: UserWarning: You are using a softmax over axis -1 of a tensor of shape (1, 16, 1, 1). This axis has size 1. The softmax operation will always return the value 1, which is likely not what you intended. Did you mean to use a sigmoid instead?
  warnings.warn(

🚀 [PID: 43403] Running Exp 6: GTA + ALiBi (28 Layers) at Length 2048...
      Warming up GPU kernels (Eager execution)...
      Params: 374.68M | VRAM: 2026.83 MB | TTFT: 1.0994s | TPOT: 0.7938s
💤 Sleeping for 1 minute to stabilize thermals...
--> Initiating Exp 6: GTA + ALiBi (28 Layers) at Length 512
WARNING: All log messages before absl::InitializeLog() is called are written to STDERR
I0000 00:00:1780827629.326421   45251 port.cc:153] oneDNN custom operations are on. You may see slightly different numerical results due to floating-point round-off errors from different computation orders. To turn them off, set the environment variable `TF_ENABLE_ONEDNN_OPTS=0`.
WARNING: All log messages before absl::InitializeLog() is called are written to STDERR
I0000 00:00:1780827631.835345   45251 port.cc:153] oneDNN custom operations are on. You may see slightly different numerical results due to floating-point round-off errors from different computation orders. To turn them off, set the environment variable `TF_ENABLE_ONEDNN_OPTS=0`.
[transformers] PyTorch was not found. Models won't be available and only tokenizers, configuration and file/data utilities can be used.
/root/anaconda3/envs/tensorflow-gpu/lib/python3.12/site-packages/keras/src/ops/nn.py:947: UserWarning: You are using a softmax over axis -1 of a tensor of shape (1, 16, 1, 1). This axis has size 1. The softmax operation will always return the value 1, which is likely not what you intended. Did you mean to use a sigmoid instead?
  warnings.warn(

🚀 [PID: 45251] Running Exp 6: GTA + ALiBi (28 Layers) at Length 512...
      Warming up GPU kernels (Eager execution)...
      Params: 374.68M | VRAM: 918.05 MB | TTFT: 0.7740s | TPOT: 0.7468s
💤 Sleeping for 1 minute to stabilize thermals...
--> Initiating Exp 2: GQA + RoPE (24 Layers) at Length 1024
WARNING: All log messages before absl::InitializeLog() is called are written to STDERR
I0000 00:00:1780827792.358491   47069 port.cc:153] oneDNN custom operations are on. You may see slightly different numerical results due to floating-point round-off errors from different computation orders. To turn them off, set the environment variable `TF_ENABLE_ONEDNN_OPTS=0`.
WARNING: All log messages before absl::InitializeLog() is called are written to STDERR
I0000 00:00:1780827794.808807   47069 port.cc:153] oneDNN custom operations are on. You may see slightly different numerical results due to floating-point round-off errors from different computation orders. To turn them off, set the environment variable `TF_ENABLE_ONEDNN_OPTS=0`.
[transformers] PyTorch was not found. Models won't be available and only tokenizers, configuration and file/data utilities can be used.
/root/anaconda3/envs/tensorflow-gpu/lib/python3.12/site-packages/keras/src/ops/nn.py:947: UserWarning: You are using a softmax over axis -1 of a tensor of shape (1, 16, 1, 1). This axis has size 1. The softmax operation will always return the value 1, which is likely not what you intended. Did you mean to use a sigmoid instead?
  warnings.warn(

🚀 [PID: 47069] Running Exp 2: GQA + RoPE (24 Layers) at Length 1024...
      Warming up GPU kernels (Eager execution)...
      Params: 315.93M | VRAM: 924.72 MB | TTFT: 1.2150s | TPOT: 0.9112s
💤 Sleeping for 1 minute to stabilize thermals...
--> Initiating Exp 6: GTA + ALiBi (28 Layers) at Length 4096
WARNING: All log messages before absl::InitializeLog() is called are written to STDERR
I0000 00:00:1780827976.156215   49098 port.cc:153] oneDNN custom operations are on. You may see slightly different numerical results due to floating-point round-off errors from different computation orders. To turn them off, set the environment variable `TF_ENABLE_ONEDNN_OPTS=0`.
WARNING: All log messages before absl::InitializeLog() is called are written to STDERR
I0000 00:00:1780827978.645276   49098 port.cc:153] oneDNN custom operations are on. You may see slightly different numerical results due to floating-point round-off errors from different computation orders. To turn them off, set the environment variable `TF_ENABLE_ONEDNN_OPTS=0`.
[transformers] PyTorch was not found. Models won't be available and only tokenizers, configuration and file/data utilities can be used.
Warning: You are sending unauthenticated requests to the HF Hub. Please set a HF_TOKEN to enable higher rate limits and faster downloads.
/root/anaconda3/envs/tensorflow-gpu/lib/python3.12/site-packages/keras/src/ops/nn.py:947: UserWarning: You are using a softmax over axis -1 of a tensor of shape (1, 16, 1, 1). This axis has size 1. The softmax operation will always return the value 1, which is likely not what you intended. Did you mean to use a sigmoid instead?
  warnings.warn(

🚀 [PID: 49098] Running Exp 6: GTA + ALiBi (28 Layers) at Length 4096...
      Warming up GPU kernels (Eager execution)...
      Params: 374.68M | VRAM: 5706.85 MB | TTFT: 4.5389s | TPOT: 0.7690s
💤 Sleeping for 1 minute to stabilize thermals...
--> Initiating Exp 3: GTA + ALiBi (24 Layers) at Length 4096
WARNING: All log messages before absl::InitializeLog() is called are written to STDERR
I0000 00:00:1780828149.272171   51011 port.cc:153] oneDNN custom operations are on. You may see slightly different numerical results due to floating-point round-off errors from different computation orders. To turn them off, set the environment variable `TF_ENABLE_ONEDNN_OPTS=0`.
WARNING: All log messages before absl::InitializeLog() is called are written to STDERR
I0000 00:00:1780828151.813294   51011 port.cc:153] oneDNN custom operations are on. You may see slightly different numerical results due to floating-point round-off errors from different computation orders. To turn them off, set the environment variable `TF_ENABLE_ONEDNN_OPTS=0`.
[transformers] PyTorch was not found. Models won't be available and only tokenizers, configuration and file/data utilities can be used.
Warning: You are sending unauthenticated requests to the HF Hub. Please set a HF_TOKEN to enable higher rate limits and faster downloads.
/root/anaconda3/envs/tensorflow-gpu/lib/python3.12/site-packages/keras/src/ops/nn.py:947: UserWarning: You are using a softmax over axis -1 of a tensor of shape (1, 16, 1, 1). This axis has size 1. The softmax operation will always return the value 1, which is likely not what you intended. Did you mean to use a sigmoid instead?
  warnings.warn(

🚀 [PID: 51011] Running Exp 3: GTA + ALiBi (24 Layers) at Length 4096...
      Warming up GPU kernels (Eager execution)...
      Params: 328.51M | VRAM: 5586.78 MB | TTFT: 3.5763s | TPOT: 0.6885s
💤 Sleeping for 1 minute to stabilize thermals...
--> Initiating Exp 1: Vanilla MHA (24 Layers) at Length 2048
WARNING: All log messages before absl::InitializeLog() is called are written to STDERR
I0000 00:00:1780828310.723242   52784 port.cc:153] oneDNN custom operations are on. You may see slightly different numerical results due to floating-point round-off errors from different computation orders. To turn them off, set the environment variable `TF_ENABLE_ONEDNN_OPTS=0`.
WARNING: All log messages before absl::InitializeLog() is called are written to STDERR
I0000 00:00:1780828313.254681   52784 port.cc:153] oneDNN custom operations are on. You may see slightly different numerical results due to floating-point round-off errors from different computation orders. To turn them off, set the environment variable `TF_ENABLE_ONEDNN_OPTS=0`.
[transformers] PyTorch was not found. Models won't be available and only tokenizers, configuration and file/data utilities can be used.
/root/anaconda3/envs/tensorflow-gpu/lib/python3.12/site-packages/keras/src/ops/nn.py:947: UserWarning: You are using a softmax over axis -1 of a tensor of shape (1, 16, 1, 1). This axis has size 1. The softmax operation will always return the value 1, which is likely not what you intended. Did you mean to use a sigmoid instead?
  warnings.warn(

🚀 [PID: 52784] Running Exp 1: Vanilla MHA (24 Layers) at Length 2048...
      Warming up GPU kernels (Eager execution)...
      Params: 355.88M | VRAM: 2055.00 MB | TTFT: 0.8535s | TPOT: 0.5767s
💤 Sleeping for 1 minute to stabilize thermals...
--> Initiating Exp 1: Vanilla MHA (24 Layers) at Length 4096
WARNING: All log messages before absl::InitializeLog() is called are written to STDERR
I0000 00:00:1780828456.021393   54447 port.cc:153] oneDNN custom operations are on. You may see slightly different numerical results due to floating-point round-off errors from different computation orders. To turn them off, set the environment variable `TF_ENABLE_ONEDNN_OPTS=0`.
WARNING: All log messages before absl::InitializeLog() is called are written to STDERR
I0000 00:00:1780828458.541687   54447 port.cc:153] oneDNN custom operations are on. You may see slightly different numerical results due to floating-point round-off errors from different computation orders. To turn them off, set the environment variable `TF_ENABLE_ONEDNN_OPTS=0`.
[transformers] PyTorch was not found. Models won't be available and only tokenizers, configuration and file/data utilities can be used.
Warning: You are sending unauthenticated requests to the HF Hub. Please set a HF_TOKEN to enable higher rate limits and faster downloads.
/root/anaconda3/envs/tensorflow-gpu/lib/python3.12/site-packages/keras/src/ops/nn.py:947: UserWarning: You are using a softmax over axis -1 of a tensor of shape (1, 16, 1, 1). This axis has size 1. The softmax operation will always return the value 1, which is likely not what you intended. Did you mean to use a sigmoid instead?
  warnings.warn(

🚀 [PID: 54447] Running Exp 1: Vanilla MHA (24 Layers) at Length 4096...
      Warming up GPU kernels (Eager execution)...
      Params: 357.97M | VRAM: 5771.03 MB | TTFT: 2.5638s | TPOT: 0.5508s
💤 Sleeping for 1 minute to stabilize thermals...
--> Initiating Exp 5: GQA + RoPE (30 Layers) at Length 512
WARNING: All log messages before absl::InitializeLog() is called are written to STDERR
I0000 00:00:1780828601.789488   56076 port.cc:153] oneDNN custom operations are on. You may see slightly different numerical results due to floating-point round-off errors from different computation orders. To turn them off, set the environment variable `TF_ENABLE_ONEDNN_OPTS=0`.
WARNING: All log messages before absl::InitializeLog() is called are written to STDERR
I0000 00:00:1780828604.325451   56076 port.cc:153] oneDNN custom operations are on. You may see slightly different numerical results due to floating-point round-off errors from different computation orders. To turn them off, set the environment variable `TF_ENABLE_ONEDNN_OPTS=0`.
[transformers] PyTorch was not found. Models won't be available and only tokenizers, configuration and file/data utilities can be used.
Warning: You are sending unauthenticated requests to the HF Hub. Please set a HF_TOKEN to enable higher rate limits and faster downloads.
/root/anaconda3/envs/tensorflow-gpu/lib/python3.12/site-packages/keras/src/ops/nn.py:947: UserWarning: You are using a softmax over axis -1 of a tensor of shape (1, 16, 1, 1). This axis has size 1. The softmax operation will always return the value 1, which is likely not what you intended. Did you mean to use a sigmoid instead?
  warnings.warn(

🚀 [PID: 56076] Running Exp 5: GQA + RoPE (30 Layers) at Length 512...
      Warming up GPU kernels (Eager execution)...
      Params: 382.04M | VRAM: 906.06 MB | TTFT: 1.2567s | TPOT: 1.0976s
💤 Sleeping for 1 minute to stabilize thermals...
--> Initiating Exp 2: GQA + RoPE (24 Layers) at Length 512
WARNING: All log messages before absl::InitializeLog() is called are written to STDERR
I0000 00:00:1780828807.725558   58328 port.cc:153] oneDNN custom operations are on. You may see slightly different numerical results due to floating-point round-off errors from different computation orders. To turn them off, set the environment variable `TF_ENABLE_ONEDNN_OPTS=0`.
WARNING: All log messages before absl::InitializeLog() is called are written to STDERR
I0000 00:00:1780828810.224115   58328 port.cc:153] oneDNN custom operations are on. You may see slightly different numerical results due to floating-point round-off errors from different computation orders. To turn them off, set the environment variable `TF_ENABLE_ONEDNN_OPTS=0`.
[transformers] PyTorch was not found. Models won't be available and only tokenizers, configuration and file/data utilities can be used.
Warning: You are sending unauthenticated requests to the HF Hub. Please set a HF_TOKEN to enable higher rate limits and faster downloads.
/root/anaconda3/envs/tensorflow-gpu/lib/python3.12/site-packages/keras/src/ops/nn.py:947: UserWarning: You are using a softmax over axis -1 of a tensor of shape (1, 16, 1, 1). This axis has size 1. The softmax operation will always return the value 1, which is likely not what you intended. Did you mean to use a sigmoid instead?
  warnings.warn(

🚀 [PID: 58328] Running Exp 2: GQA + RoPE (24 Layers) at Length 512...
      Warming up GPU kernels (Eager execution)...
      Params: 315.93M | VRAM: 773.95 MB | TTFT: 0.9977s | TPOT: 0.8885s
💤 Sleeping for 1 minute to stabilize thermals...
--> Initiating Exp 5: GQA + RoPE (30 Layers) at Length 1024
WARNING: All log messages before absl::InitializeLog() is called are written to STDERR
I0000 00:00:1780828990.178513   60345 port.cc:153] oneDNN custom operations are on. You may see slightly different numerical results due to floating-point round-off errors from different computation orders. To turn them off, set the environment variable `TF_ENABLE_ONEDNN_OPTS=0`.
WARNING: All log messages before absl::InitializeLog() is called are written to STDERR
I0000 00:00:1780828992.713555   60345 port.cc:153] oneDNN custom operations are on. You may see slightly different numerical results due to floating-point round-off errors from different computation orders. To turn them off, set the environment variable `TF_ENABLE_ONEDNN_OPTS=0`.
[transformers] PyTorch was not found. Models won't be available and only tokenizers, configuration and file/data utilities can be used.
/root/anaconda3/envs/tensorflow-gpu/lib/python3.12/site-packages/keras/src/ops/nn.py:947: UserWarning: You are using a softmax over axis -1 of a tensor of shape (1, 16, 1, 1). This axis has size 1. The softmax operation will always return the value 1, which is likely not what you intended. Did you mean to use a sigmoid instead?
  warnings.warn(

🚀 [PID: 60345] Running Exp 5: GQA + RoPE (30 Layers) at Length 1024...
      Warming up GPU kernels (Eager execution)...
      Params: 382.04M | VRAM: 1056.83 MB | TTFT: 1.4956s | TPOT: 1.1210s
💤 Sleeping for 1 minute to stabilize thermals...
==========================================
    STARTING RUN 2 OF 5
==========================================
--> Initiating Exp 3: GTA + ALiBi (24 Layers) at Length 512
WARNING: All log messages before absl::InitializeLog() is called are written to STDERR
I0000 00:00:1780829198.866800   62602 port.cc:153] oneDNN custom operations are on. You may see slightly different numerical results due to floating-point round-off errors from different computation orders. To turn them off, set the environment variable `TF_ENABLE_ONEDNN_OPTS=0`.
WARNING: All log messages before absl::InitializeLog() is called are written to STDERR
I0000 00:00:1780829201.412017   62602 port.cc:153] oneDNN custom operations are on. You may see slightly different numerical results due to floating-point round-off errors from different computation orders. To turn them off, set the environment variable `TF_ENABLE_ONEDNN_OPTS=0`.
[transformers] PyTorch was not found. Models won't be available and only tokenizers, configuration and file/data utilities can be used.
Warning: You are sending unauthenticated requests to the HF Hub. Please set a HF_TOKEN to enable higher rate limits and faster downloads.
/root/anaconda3/envs/tensorflow-gpu/lib/python3.12/site-packages/keras/src/ops/nn.py:947: UserWarning: You are using a softmax over axis -1 of a tensor of shape (1, 16, 1, 1). This axis has size 1. The softmax operation will always return the value 1, which is likely not what you intended. Did you mean to use a sigmoid instead?
  warnings.warn(

🚀 [PID: 62602] Running Exp 3: GTA + ALiBi (24 Layers) at Length 512...
      Warming up GPU kernels (Eager execution)...
      Params: 328.51M | VRAM: 821.97 MB | TTFT: 0.6708s | TPOT: 0.6579s
💤 Sleeping for 1 minute to stabilize thermals...
--> Initiating Exp 2: GQA + RoPE (24 Layers) at Length 1024
WARNING: All log messages before absl::InitializeLog() is called are written to STDERR
I0000 00:00:1780829351.969863   64348 port.cc:153] oneDNN custom operations are on. You may see slightly different numerical results due to floating-point round-off errors from different computation orders. To turn them off, set the environment variable `TF_ENABLE_ONEDNN_OPTS=0`.
WARNING: All log messages before absl::InitializeLog() is called are written to STDERR
I0000 00:00:1780829354.413532   64348 port.cc:153] oneDNN custom operations are on. You may see slightly different numerical results due to floating-point round-off errors from different computation orders. To turn them off, set the environment variable `TF_ENABLE_ONEDNN_OPTS=0`.
[transformers] PyTorch was not found. Models won't be available and only tokenizers, configuration and file/data utilities can be used.
Warning: You are sending unauthenticated requests to the HF Hub. Please set a HF_TOKEN to enable higher rate limits and faster downloads.
/root/anaconda3/envs/tensorflow-gpu/lib/python3.12/site-packages/keras/src/ops/nn.py:947: UserWarning: You are using a softmax over axis -1 of a tensor of shape (1, 16, 1, 1). This axis has size 1. The softmax operation will always return the value 1, which is likely not what you intended. Did you mean to use a sigmoid instead?
  warnings.warn(

🚀 [PID: 64348] Running Exp 2: GQA + RoPE (24 Layers) at Length 1024...
      Warming up GPU kernels (Eager execution)...
      Params: 315.93M | VRAM: 924.72 MB | TTFT: 1.1505s | TPOT: 0.8858s
💤 Sleeping for 1 minute to stabilize thermals...
--> Initiating Exp 6: GTA + ALiBi (28 Layers) at Length 4096
WARNING: All log messages before absl::InitializeLog() is called are written to STDERR
I0000 00:00:1780829533.277913   66359 port.cc:153] oneDNN custom operations are on. You may see slightly different numerical results due to floating-point round-off errors from different computation orders. To turn them off, set the environment variable `TF_ENABLE_ONEDNN_OPTS=0`.
WARNING: All log messages before absl::InitializeLog() is called are written to STDERR
I0000 00:00:1780829535.824525   66359 port.cc:153] oneDNN custom operations are on. You may see slightly different numerical results due to floating-point round-off errors from different computation orders. To turn them off, set the environment variable `TF_ENABLE_ONEDNN_OPTS=0`.
[transformers] PyTorch was not found. Models won't be available and only tokenizers, configuration and file/data utilities can be used.
Warning: You are sending unauthenticated requests to the HF Hub. Please set a HF_TOKEN to enable higher rate limits and faster downloads.
/root/anaconda3/envs/tensorflow-gpu/lib/python3.12/site-packages/keras/src/ops/nn.py:947: UserWarning: You are using a softmax over axis -1 of a tensor of shape (1, 16, 1, 1). This axis has size 1. The softmax operation will always return the value 1, which is likely not what you intended. Did you mean to use a sigmoid instead?
  warnings.warn(

🚀 [PID: 66359] Running Exp 6: GTA + ALiBi (28 Layers) at Length 4096...
      Warming up GPU kernels (Eager execution)...
      Params: 374.68M | VRAM: 5706.85 MB | TTFT: 4.4965s | TPOT: 0.7566s
💤 Sleeping for 1 minute to stabilize thermals...
--> Initiating Exp 1: Vanilla MHA (24 Layers) at Length 512
WARNING: All log messages before absl::InitializeLog() is called are written to STDERR
I0000 00:00:1780829704.893705   68266 port.cc:153] oneDNN custom operations are on. You may see slightly different numerical results due to floating-point round-off errors from different computation orders. To turn them off, set the environment variable `TF_ENABLE_ONEDNN_OPTS=0`.
WARNING: All log messages before absl::InitializeLog() is called are written to STDERR
I0000 00:00:1780829707.422608   68266 port.cc:153] oneDNN custom operations are on. You may see slightly different numerical results due to floating-point round-off errors from different computation orders. To turn them off, set the environment variable `TF_ENABLE_ONEDNN_OPTS=0`.
[transformers] PyTorch was not found. Models won't be available and only tokenizers, configuration and file/data utilities can be used.
Warning: You are sending unauthenticated requests to the HF Hub. Please set a HF_TOKEN to enable higher rate limits and faster downloads.
/root/anaconda3/envs/tensorflow-gpu/lib/python3.12/site-packages/keras/src/ops/nn.py:947: UserWarning: You are using a softmax over axis -1 of a tensor of shape (1, 16, 1, 1). This axis has size 1. The softmax operation will always return the value 1, which is likely not what you intended. Did you mean to use a sigmoid instead?
  warnings.warn(

🚀 [PID: 68266] Running Exp 1: Vanilla MHA (24 Layers) at Length 512...
      Warming up GPU kernels (Eager execution)...
      Params: 354.30M | VRAM: 919.21 MB | TTFT: 0.7197s | TPOT: 0.5611s
💤 Sleeping for 1 minute to stabilize thermals...
--> Initiating Exp 5: GQA + RoPE (30 Layers) at Length 2048
WARNING: All log messages before absl::InitializeLog() is called are written to STDERR
I0000 00:00:1780829849.080287   69897 port.cc:153] oneDNN custom operations are on. You may see slightly different numerical results due to floating-point round-off errors from different computation orders. To turn them off, set the environment variable `TF_ENABLE_ONEDNN_OPTS=0`.
WARNING: All log messages before absl::InitializeLog() is called are written to STDERR
I0000 00:00:1780829851.542713   69897 port.cc:153] oneDNN custom operations are on. You may see slightly different numerical results due to floating-point round-off errors from different computation orders. To turn them off, set the environment variable `TF_ENABLE_ONEDNN_OPTS=0`.
[transformers] PyTorch was not found. Models won't be available and only tokenizers, configuration and file/data utilities can be used.
Warning: You are sending unauthenticated requests to the HF Hub. Please set a HF_TOKEN to enable higher rate limits and faster downloads.
/root/anaconda3/envs/tensorflow-gpu/lib/python3.12/site-packages/keras/src/ops/nn.py:947: UserWarning: You are using a softmax over axis -1 of a tensor of shape (1, 16, 1, 1). This axis has size 1. The softmax operation will always return the value 1, which is likely not what you intended. Did you mean to use a sigmoid instead?
  warnings.warn(

🚀 [PID: 69897] Running Exp 5: GQA + RoPE (30 Layers) at Length 2048...
      Warming up GPU kernels (Eager execution)...
      Params: 382.04M | VRAM: 1968.84 MB | TTFT: 1.4528s | TPOT: 1.0916s
💤 Sleeping for 1 minute to stabilize thermals...
--> Initiating Exp 2: GQA + RoPE (24 Layers) at Length 2048
WARNING: All log messages before absl::InitializeLog() is called are written to STDERR
I0000 00:00:1780830055.144087   72111 port.cc:153] oneDNN custom operations are on. You may see slightly different numerical results due to floating-point round-off errors from different computation orders. To turn them off, set the environment variable `TF_ENABLE_ONEDNN_OPTS=0`.
WARNING: All log messages before absl::InitializeLog() is called are written to STDERR
I0000 00:00:1780830057.690821   72111 port.cc:153] oneDNN custom operations are on. You may see slightly different numerical results due to floating-point round-off errors from different computation orders. To turn them off, set the environment variable `TF_ENABLE_ONEDNN_OPTS=0`.
[transformers] PyTorch was not found. Models won't be available and only tokenizers, configuration and file/data utilities can be used.
Warning: You are sending unauthenticated requests to the HF Hub. Please set a HF_TOKEN to enable higher rate limits and faster downloads.
/root/anaconda3/envs/tensorflow-gpu/lib/python3.12/site-packages/keras/src/ops/nn.py:947: UserWarning: You are using a softmax over axis -1 of a tensor of shape (1, 16, 1, 1). This axis has size 1. The softmax operation will always return the value 1, which is likely not what you intended. Did you mean to use a sigmoid instead?
  warnings.warn(

🚀 [PID: 72111] Running Exp 2: GQA + RoPE (24 Layers) at Length 2048...
      Warming up GPU kernels (Eager execution)...
      Params: 315.93M | VRAM: 1830.73 MB | TTFT: 1.3277s | TPOT: 0.9126s
💤 Sleeping for 1 minute to stabilize thermals...
--> Initiating Exp 6: GTA + ALiBi (28 Layers) at Length 1024
WARNING: All log messages before absl::InitializeLog() is called are written to STDERR
I0000 00:00:1780830239.484177   74175 port.cc:153] oneDNN custom operations are on. You may see slightly different numerical results due to floating-point round-off errors from different computation orders. To turn them off, set the environment variable `TF_ENABLE_ONEDNN_OPTS=0`.
WARNING: All log messages before absl::InitializeLog() is called are written to STDERR
I0000 00:00:1780830241.961363   74175 port.cc:153] oneDNN custom operations are on. You may see slightly different numerical results due to floating-point round-off errors from different computation orders. To turn them off, set the environment variable `TF_ENABLE_ONEDNN_OPTS=0`.
[transformers] PyTorch was not found. Models won't be available and only tokenizers, configuration and file/data utilities can be used.
Warning: You are sending unauthenticated requests to the HF Hub. Please set a HF_TOKEN to enable higher rate limits and faster downloads.
/root/anaconda3/envs/tensorflow-gpu/lib/python3.12/site-packages/keras/src/ops/nn.py:947: UserWarning: You are using a softmax over axis -1 of a tensor of shape (1, 16, 1, 1). This axis has size 1. The softmax operation will always return the value 1, which is likely not what you intended. Did you mean to use a sigmoid instead?
  warnings.warn(

🚀 [PID: 74175] Running Exp 6: GTA + ALiBi (28 Layers) at Length 1024...
      Warming up GPU kernels (Eager execution)...
      Params: 374.68M | VRAM: 1074.82 MB | TTFT: 0.8532s | TPOT: 0.7511s
💤 Sleeping for 1 minute to stabilize thermals...
--> Initiating Exp 4: GQA + RoPE (28 Layers) at Length 4096
WARNING: All log messages before absl::InitializeLog() is called are written to STDERR
I0000 00:00:1780830403.341465   75985 port.cc:153] oneDNN custom operations are on. You may see slightly different numerical results due to floating-point round-off errors from different computation orders. To turn them off, set the environment variable `TF_ENABLE_ONEDNN_OPTS=0`.
WARNING: All log messages before absl::InitializeLog() is called are written to STDERR
I0000 00:00:1780830405.837726   75985 port.cc:153] oneDNN custom operations are on. You may see slightly different numerical results due to floating-point round-off errors from different computation orders. To turn them off, set the environment variable `TF_ENABLE_ONEDNN_OPTS=0`.
[transformers] PyTorch was not found. Models won't be available and only tokenizers, configuration and file/data utilities can be used.
Warning: You are sending unauthenticated requests to the HF Hub. Please set a HF_TOKEN to enable higher rate limits and faster downloads.
/root/anaconda3/envs/tensorflow-gpu/lib/python3.12/site-packages/keras/src/ops/nn.py:947: UserWarning: You are using a softmax over axis -1 of a tensor of shape (1, 16, 1, 1). This axis has size 1. The softmax operation will always return the value 1, which is likely not what you intended. Did you mean to use a sigmoid instead?
  warnings.warn(

🚀 [PID: 75985] Running Exp 4: GQA + RoPE (28 Layers) at Length 4096...
      Warming up GPU kernels (Eager execution)...
      Params: 360.00M | VRAM: 5494.83 MB | TTFT: 3.2850s | TPOT: 1.0646s
💤 Sleeping for 1 minute to stabilize thermals...
--> Initiating Exp 3: GTA + ALiBi (24 Layers) at Length 2048
WARNING: All log messages before absl::InitializeLog() is called are written to STDERR
I0000 00:00:1780830608.293024   78261 port.cc:153] oneDNN custom operations are on. You may see slightly different numerical results due to floating-point round-off errors from different computation orders. To turn them off, set the environment variable `TF_ENABLE_ONEDNN_OPTS=0`.
WARNING: All log messages before absl::InitializeLog() is called are written to STDERR
I0000 00:00:1780830610.815277   78261 port.cc:153] oneDNN custom operations are on. You may see slightly different numerical results due to floating-point round-off errors from different computation orders. To turn them off, set the environment variable `TF_ENABLE_ONEDNN_OPTS=0`.
[transformers] PyTorch was not found. Models won't be available and only tokenizers, configuration and file/data utilities can be used.
Warning: You are sending unauthenticated requests to the HF Hub. Please set a HF_TOKEN to enable higher rate limits and faster downloads.
/root/anaconda3/envs/tensorflow-gpu/lib/python3.12/site-packages/keras/src/ops/nn.py:947: UserWarning: You are using a softmax over axis -1 of a tensor of shape (1, 16, 1, 1). This axis has size 1. The softmax operation will always return the value 1, which is likely not what you intended. Did you mean to use a sigmoid instead?
  warnings.warn(

🚀 [PID: 78261] Running Exp 3: GTA + ALiBi (24 Layers) at Length 2048...
      Warming up GPU kernels (Eager execution)...
      Params: 328.51M | VRAM: 1922.75 MB | TTFT: 0.9466s | TPOT: 0.6948s
💤 Sleeping for 1 minute to stabilize thermals...
--> Initiating Exp 5: GQA + RoPE (30 Layers) at Length 1024
WARNING: All log messages before absl::InitializeLog() is called are written to STDERR
I0000 00:00:1780830765.730722   79998 port.cc:153] oneDNN custom operations are on. You may see slightly different numerical results due to floating-point round-off errors from different computation orders. To turn them off, set the environment variable `TF_ENABLE_ONEDNN_OPTS=0`.
WARNING: All log messages before absl::InitializeLog() is called are written to STDERR
I0000 00:00:1780830768.236109   79998 port.cc:153] oneDNN custom operations are on. You may see slightly different numerical results due to floating-point round-off errors from different computation orders. To turn them off, set the environment variable `TF_ENABLE_ONEDNN_OPTS=0`.
[transformers] PyTorch was not found. Models won't be available and only tokenizers, configuration and file/data utilities can be used.
Warning: You are sending unauthenticated requests to the HF Hub. Please set a HF_TOKEN to enable higher rate limits and faster downloads.
/root/anaconda3/envs/tensorflow-gpu/lib/python3.12/site-packages/keras/src/ops/nn.py:947: UserWarning: You are using a softmax over axis -1 of a tensor of shape (1, 16, 1, 1). This axis has size 1. The softmax operation will always return the value 1, which is likely not what you intended. Did you mean to use a sigmoid instead?
  warnings.warn(

🚀 [PID: 79998] Running Exp 5: GQA + RoPE (30 Layers) at Length 1024...
      Warming up GPU kernels (Eager execution)...
      Params: 382.04M | VRAM: 1056.83 MB | TTFT: 1.2250s | TPOT: 1.1163s
💤 Sleeping for 1 minute to stabilize thermals...
--> Initiating Exp 4: GQA + RoPE (28 Layers) at Length 2048
WARNING: All log messages before absl::InitializeLog() is called are written to STDERR
I0000 00:00:1780830973.942576   82274 port.cc:153] oneDNN custom operations are on. You may see slightly different numerical results due to floating-point round-off errors from different computation orders. To turn them off, set the environment variable `TF_ENABLE_ONEDNN_OPTS=0`.
WARNING: All log messages before absl::InitializeLog() is called are written to STDERR
I0000 00:00:1780830976.485619   82274 port.cc:153] oneDNN custom operations are on. You may see slightly different numerical results due to floating-point round-off errors from different computation orders. To turn them off, set the environment variable `TF_ENABLE_ONEDNN_OPTS=0`.
[transformers] PyTorch was not found. Models won't be available and only tokenizers, configuration and file/data utilities can be used.
Warning: You are sending unauthenticated requests to the HF Hub. Please set a HF_TOKEN to enable higher rate limits and faster downloads.
/root/anaconda3/envs/tensorflow-gpu/lib/python3.12/site-packages/keras/src/ops/nn.py:947: UserWarning: You are using a softmax over axis -1 of a tensor of shape (1, 16, 1, 1). This axis has size 1. The softmax operation will always return the value 1, which is likely not what you intended. Did you mean to use a sigmoid instead?
  warnings.warn(

🚀 [PID: 82274] Running Exp 4: GQA + RoPE (28 Layers) at Length 2048...
      Warming up GPU kernels (Eager execution)...
      Params: 360.00M | VRAM: 1922.81 MB | TTFT: 1.6218s | TPOT: 1.0793s
💤 Sleeping for 1 minute to stabilize thermals...
--> Initiating Exp 1: Vanilla MHA (24 Layers) at Length 1024
WARNING: All log messages before absl::InitializeLog() is called are written to STDERR
I0000 00:00:1780831177.491672   84463 port.cc:153] oneDNN custom operations are on. You may see slightly different numerical results due to floating-point round-off errors from different computation orders. To turn them off, set the environment variable `TF_ENABLE_ONEDNN_OPTS=0`.
WARNING: All log messages before absl::InitializeLog() is called are written to STDERR
I0000 00:00:1780831179.981325   84463 port.cc:153] oneDNN custom operations are on. You may see slightly different numerical results due to floating-point round-off errors from different computation orders. To turn them off, set the environment variable `TF_ENABLE_ONEDNN_OPTS=0`.
[transformers] PyTorch was not found. Models won't be available and only tokenizers, configuration and file/data utilities can be used.
Warning: You are sending unauthenticated requests to the HF Hub. Please set a HF_TOKEN to enable higher rate limits and faster downloads.
/root/anaconda3/envs/tensorflow-gpu/lib/python3.12/site-packages/keras/src/ops/nn.py:947: UserWarning: You are using a softmax over axis -1 of a tensor of shape (1, 16, 1, 1). This axis has size 1. The softmax operation will always return the value 1, which is likely not what you intended. Did you mean to use a sigmoid instead?
  warnings.warn(

🚀 [PID: 84463] Running Exp 1: Vanilla MHA (24 Layers) at Length 1024...
      Warming up GPU kernels (Eager execution)...
      Params: 354.83M | VRAM: 1072.99 MB | TTFT: 0.7229s | TPOT: 0.5881s
💤 Sleeping for 1 minute to stabilize thermals...
--> Initiating Exp 4: GQA + RoPE (28 Layers) at Length 1024
WARNING: All log messages before absl::InitializeLog() is called are written to STDERR
I0000 00:00:1780831323.386429   86129 port.cc:153] oneDNN custom operations are on. You may see slightly different numerical results due to floating-point round-off errors from different computation orders. To turn them off, set the environment variable `TF_ENABLE_ONEDNN_OPTS=0`.
WARNING: All log messages before absl::InitializeLog() is called are written to STDERR
I0000 00:00:1780831325.895317   86129 port.cc:153] oneDNN custom operations are on. You may see slightly different numerical results due to floating-point round-off errors from different computation orders. To turn them off, set the environment variable `TF_ENABLE_ONEDNN_OPTS=0`.
[transformers] PyTorch was not found. Models won't be available and only tokenizers, configuration and file/data utilities can be used.
Warning: You are sending unauthenticated requests to the HF Hub. Please set a HF_TOKEN to enable higher rate limits and faster downloads.
/root/anaconda3/envs/tensorflow-gpu/lib/python3.12/site-packages/keras/src/ops/nn.py:947: UserWarning: You are using a softmax over axis -1 of a tensor of shape (1, 16, 1, 1). This axis has size 1. The softmax operation will always return the value 1, which is likely not what you intended. Did you mean to use a sigmoid instead?
  warnings.warn(

🚀 [PID: 86129] Running Exp 4: GQA + RoPE (28 Layers) at Length 1024...
      Warming up GPU kernels (Eager execution)...
      Params: 360.00M | VRAM: 1012.79 MB | TTFT: 1.1594s | TPOT: 1.0457s
💤 Sleeping for 1 minute to stabilize thermals...
--> Initiating Exp 1: Vanilla MHA (24 Layers) at Length 4096
WARNING: All log messages before absl::InitializeLog() is called are written to STDERR
I0000 00:00:1780831522.935125   88303 port.cc:153] oneDNN custom operations are on. You may see slightly different numerical results due to floating-point round-off errors from different computation orders. To turn them off, set the environment variable `TF_ENABLE_ONEDNN_OPTS=0`.
WARNING: All log messages before absl::InitializeLog() is called are written to STDERR
I0000 00:00:1780831525.355570   88303 port.cc:153] oneDNN custom operations are on. You may see slightly different numerical results due to floating-point round-off errors from different computation orders. To turn them off, set the environment variable `TF_ENABLE_ONEDNN_OPTS=0`.
[transformers] PyTorch was not found. Models won't be available and only tokenizers, configuration and file/data utilities can be used.
Warning: You are sending unauthenticated requests to the HF Hub. Please set a HF_TOKEN to enable higher rate limits and faster downloads.
/root/anaconda3/envs/tensorflow-gpu/lib/python3.12/site-packages/keras/src/ops/nn.py:947: UserWarning: You are using a softmax over axis -1 of a tensor of shape (1, 16, 1, 1). This axis has size 1. The softmax operation will always return the value 1, which is likely not what you intended. Did you mean to use a sigmoid instead?
  warnings.warn(

🚀 [PID: 88303] Running Exp 1: Vanilla MHA (24 Layers) at Length 4096...
      Warming up GPU kernels (Eager execution)...
      Params: 357.97M | VRAM: 5771.03 MB | TTFT: 2.5643s | TPOT: 0.5856s
💤 Sleeping for 1 minute to stabilize thermals...
--> Initiating Exp 4: GQA + RoPE (28 Layers) at Length 512
WARNING: All log messages before absl::InitializeLog() is called are written to STDERR
I0000 00:00:1780831672.142368   89954 port.cc:153] oneDNN custom operations are on. You may see slightly different numerical results due to floating-point round-off errors from different computation orders. To turn them off, set the environment variable `TF_ENABLE_ONEDNN_OPTS=0`.
WARNING: All log messages before absl::InitializeLog() is called are written to STDERR
I0000 00:00:1780831674.533478   89954 port.cc:153] oneDNN custom operations are on. You may see slightly different numerical results due to floating-point round-off errors from different computation orders. To turn them off, set the environment variable `TF_ENABLE_ONEDNN_OPTS=0`.
[transformers] PyTorch was not found. Models won't be available and only tokenizers, configuration and file/data utilities can be used.
/root/anaconda3/envs/tensorflow-gpu/lib/python3.12/site-packages/keras/src/ops/nn.py:947: UserWarning: You are using a softmax over axis -1 of a tensor of shape (1, 16, 1, 1). This axis has size 1. The softmax operation will always return the value 1, which is likely not what you intended. Did you mean to use a sigmoid instead?
  warnings.warn(

🚀 [PID: 89954] Running Exp 4: GQA + RoPE (28 Layers) at Length 512...
      Warming up GPU kernels (Eager execution)...
      Params: 360.00M | VRAM: 862.02 MB | TTFT: 1.2078s | TPOT: 1.0563s
💤 Sleeping for 1 minute to stabilize thermals...
--> Initiating Exp 5: GQA + RoPE (30 Layers) at Length 4096
WARNING: All log messages before absl::InitializeLog() is called are written to STDERR
I0000 00:00:1780831873.268654   92152 port.cc:153] oneDNN custom operations are on. You may see slightly different numerical results due to floating-point round-off errors from different computation orders. To turn them off, set the environment variable `TF_ENABLE_ONEDNN_OPTS=0`.
WARNING: All log messages before absl::InitializeLog() is called are written to STDERR
I0000 00:00:1780831875.803046   92152 port.cc:153] oneDNN custom operations are on. You may see slightly different numerical results due to floating-point round-off errors from different computation orders. To turn them off, set the environment variable `TF_ENABLE_ONEDNN_OPTS=0`.
[transformers] PyTorch was not found. Models won't be available and only tokenizers, configuration and file/data utilities can be used.
Warning: You are sending unauthenticated requests to the HF Hub. Please set a HF_TOKEN to enable higher rate limits and faster downloads.
/root/anaconda3/envs/tensorflow-gpu/lib/python3.12/site-packages/keras/src/ops/nn.py:947: UserWarning: You are using a softmax over axis -1 of a tensor of shape (1, 16, 1, 1). This axis has size 1. The softmax operation will always return the value 1, which is likely not what you intended. Did you mean to use a sigmoid instead?
  warnings.warn(

🚀 [PID: 92152] Running Exp 5: GQA + RoPE (30 Layers) at Length 4096...
      Warming up GPU kernels (Eager execution)...
      Params: 382.04M | VRAM: 5544.87 MB | TTFT: 3.5774s | TPOT: 1.1621s
💤 Sleeping for 1 minute to stabilize thermals...
--> Initiating Exp 3: GTA + ALiBi (24 Layers) at Length 4096
WARNING: All log messages before absl::InitializeLog() is called are written to STDERR
I0000 00:00:1780832089.937818   94467 port.cc:153] oneDNN custom operations are on. You may see slightly different numerical results due to floating-point round-off errors from different computation orders. To turn them off, set the environment variable `TF_ENABLE_ONEDNN_OPTS=0`.
WARNING: All log messages before absl::InitializeLog() is called are written to STDERR
I0000 00:00:1780832092.412989   94467 port.cc:153] oneDNN custom operations are on. You may see slightly different numerical results due to floating-point round-off errors from different computation orders. To turn them off, set the environment variable `TF_ENABLE_ONEDNN_OPTS=0`.
[transformers] PyTorch was not found. Models won't be available and only tokenizers, configuration and file/data utilities can be used.
Warning: You are sending unauthenticated requests to the HF Hub. Please set a HF_TOKEN to enable higher rate limits and faster downloads.
/root/anaconda3/envs/tensorflow-gpu/lib/python3.12/site-packages/keras/src/ops/nn.py:947: UserWarning: You are using a softmax over axis -1 of a tensor of shape (1, 16, 1, 1). This axis has size 1. The softmax operation will always return the value 1, which is likely not what you intended. Did you mean to use a sigmoid instead?
  warnings.warn(

🚀 [PID: 94467] Running Exp 3: GTA + ALiBi (24 Layers) at Length 4096...
      Warming up GPU kernels (Eager execution)...
      Params: 328.51M | VRAM: 5586.78 MB | TTFT: 3.6342s | TPOT: 0.6798s
💤 Sleeping for 1 minute to stabilize thermals...
--> Initiating Exp 6: GTA + ALiBi (28 Layers) at Length 512
WARNING: All log messages before absl::InitializeLog() is called are written to STDERR
I0000 00:00:1780832250.156097   96257 port.cc:153] oneDNN custom operations are on. You may see slightly different numerical results due to floating-point round-off errors from different computation orders. To turn them off, set the environment variable `TF_ENABLE_ONEDNN_OPTS=0`.
WARNING: All log messages before absl::InitializeLog() is called are written to STDERR
I0000 00:00:1780832252.625077   96257 port.cc:153] oneDNN custom operations are on. You may see slightly different numerical results due to floating-point round-off errors from different computation orders. To turn them off, set the environment variable `TF_ENABLE_ONEDNN_OPTS=0`.
[transformers] PyTorch was not found. Models won't be available and only tokenizers, configuration and file/data utilities can be used.
Warning: You are sending unauthenticated requests to the HF Hub. Please set a HF_TOKEN to enable higher rate limits and faster downloads.
/root/anaconda3/envs/tensorflow-gpu/lib/python3.12/site-packages/keras/src/ops/nn.py:947: UserWarning: You are using a softmax over axis -1 of a tensor of shape (1, 16, 1, 1). This axis has size 1. The softmax operation will always return the value 1, which is likely not what you intended. Did you mean to use a sigmoid instead?
  warnings.warn(

🚀 [PID: 96257] Running Exp 6: GTA + ALiBi (28 Layers) at Length 512...
      Warming up GPU kernels (Eager execution)...
      Params: 374.68M | VRAM: 918.05 MB | TTFT: 0.7808s | TPOT: 0.7824s
💤 Sleeping for 1 minute to stabilize thermals...
--> Initiating Exp 1: Vanilla MHA (24 Layers) at Length 2048
WARNING: All log messages before absl::InitializeLog() is called are written to STDERR
I0000 00:00:1780832416.809979   98084 port.cc:153] oneDNN custom operations are on. You may see slightly different numerical results due to floating-point round-off errors from different computation orders. To turn them off, set the environment variable `TF_ENABLE_ONEDNN_OPTS=0`.
WARNING: All log messages before absl::InitializeLog() is called are written to STDERR
I0000 00:00:1780832419.317885   98084 port.cc:153] oneDNN custom operations are on. You may see slightly different numerical results due to floating-point round-off errors from different computation orders. To turn them off, set the environment variable `TF_ENABLE_ONEDNN_OPTS=0`.
[transformers] PyTorch was not found. Models won't be available and only tokenizers, configuration and file/data utilities can be used.
Warning: You are sending unauthenticated requests to the HF Hub. Please set a HF_TOKEN to enable higher rate limits and faster downloads.
/root/anaconda3/envs/tensorflow-gpu/lib/python3.12/site-packages/keras/src/ops/nn.py:947: UserWarning: You are using a softmax over axis -1 of a tensor of shape (1, 16, 1, 1). This axis has size 1. The softmax operation will always return the value 1, which is likely not what you intended. Did you mean to use a sigmoid instead?
  warnings.warn(

🚀 [PID: 98084] Running Exp 1: Vanilla MHA (24 Layers) at Length 2048...
      Warming up GPU kernels (Eager execution)...
      Params: 355.88M | VRAM: 2055.00 MB | TTFT: 0.8445s | TPOT: 0.5732s
💤 Sleeping for 1 minute to stabilize thermals...
--> Initiating Exp 2: GQA + RoPE (24 Layers) at Length 512
WARNING: All log messages before absl::InitializeLog() is called are written to STDERR
I0000 00:00:1780832561.001313   99710 port.cc:153] oneDNN custom operations are on. You may see slightly different numerical results due to floating-point round-off errors from different computation orders. To turn them off, set the environment variable `TF_ENABLE_ONEDNN_OPTS=0`.
WARNING: All log messages before absl::InitializeLog() is called are written to STDERR
I0000 00:00:1780832563.532618   99710 port.cc:153] oneDNN custom operations are on. You may see slightly different numerical results due to floating-point round-off errors from different computation orders. To turn them off, set the environment variable `TF_ENABLE_ONEDNN_OPTS=0`.
[transformers] PyTorch was not found. Models won't be available and only tokenizers, configuration and file/data utilities can be used.
Warning: You are sending unauthenticated requests to the HF Hub. Please set a HF_TOKEN to enable higher rate limits and faster downloads.
/root/anaconda3/envs/tensorflow-gpu/lib/python3.12/site-packages/keras/src/ops/nn.py:947: UserWarning: You are using a softmax over axis -1 of a tensor of shape (1, 16, 1, 1). This axis has size 1. The softmax operation will always return the value 1, which is likely not what you intended. Did you mean to use a sigmoid instead?
  warnings.warn(

🚀 [PID: 99710] Running Exp 2: GQA + RoPE (24 Layers) at Length 512...
      Warming up GPU kernels (Eager execution)...
      Params: 315.93M | VRAM: 773.95 MB | TTFT: 1.1020s | TPOT: 0.9457s
💤 Sleeping for 1 minute to stabilize thermals...
--> Initiating Exp 5: GQA + RoPE (30 Layers) at Length 512
WARNING: All log messages before absl::InitializeLog() is called are written to STDERR
I0000 00:00:1780832748.450815  101771 port.cc:153] oneDNN custom operations are on. You may see slightly different numerical results due to floating-point round-off errors from different computation orders. To turn them off, set the environment variable `TF_ENABLE_ONEDNN_OPTS=0`.
WARNING: All log messages before absl::InitializeLog() is called are written to STDERR
I0000 00:00:1780832750.954384  101771 port.cc:153] oneDNN custom operations are on. You may see slightly different numerical results due to floating-point round-off errors from different computation orders. To turn them off, set the environment variable `TF_ENABLE_ONEDNN_OPTS=0`.
[transformers] PyTorch was not found. Models won't be available and only tokenizers, configuration and file/data utilities can be used.
Warning: You are sending unauthenticated requests to the HF Hub. Please set a HF_TOKEN to enable higher rate limits and faster downloads.
/root/anaconda3/envs/tensorflow-gpu/lib/python3.12/site-packages/keras/src/ops/nn.py:947: UserWarning: You are using a softmax over axis -1 of a tensor of shape (1, 16, 1, 1). This axis has size 1. The softmax operation will always return the value 1, which is likely not what you intended. Did you mean to use a sigmoid instead?
  warnings.warn(

🚀 [PID: 101771] Running Exp 5: GQA + RoPE (30 Layers) at Length 512...
      Warming up GPU kernels (Eager execution)...
      Params: 382.04M | VRAM: 906.06 MB | TTFT: 1.4352s | TPOT: 1.1353s
💤 Sleeping for 1 minute to stabilize thermals...
--> Initiating Exp 3: GTA + ALiBi (24 Layers) at Length 1024
WARNING: All log messages before absl::InitializeLog() is called are written to STDERR
I0000 00:00:1780832957.745846  104044 port.cc:153] oneDNN custom operations are on. You may see slightly different numerical results due to floating-point round-off errors from different computation orders. To turn them off, set the environment variable `TF_ENABLE_ONEDNN_OPTS=0`.
WARNING: All log messages before absl::InitializeLog() is called are written to STDERR
I0000 00:00:1780832960.254779  104044 port.cc:153] oneDNN custom operations are on. You may see slightly different numerical results due to floating-point round-off errors from different computation orders. To turn them off, set the environment variable `TF_ENABLE_ONEDNN_OPTS=0`.
[transformers] PyTorch was not found. Models won't be available and only tokenizers, configuration and file/data utilities can be used.
Warning: You are sending unauthenticated requests to the HF Hub. Please set a HF_TOKEN to enable higher rate limits and faster downloads.
/root/anaconda3/envs/tensorflow-gpu/lib/python3.12/site-packages/keras/src/ops/nn.py:947: UserWarning: You are using a softmax over axis -1 of a tensor of shape (1, 16, 1, 1). This axis has size 1. The softmax operation will always return the value 1, which is likely not what you intended. Did you mean to use a sigmoid instead?
  warnings.warn(

🚀 [PID: 104044] Running Exp 3: GTA + ALiBi (24 Layers) at Length 1024...
      Warming up GPU kernels (Eager execution)...
      Params: 328.51M | VRAM: 978.74 MB | TTFT: 0.6509s | TPOT: 0.6732s
💤 Sleeping for 1 minute to stabilize thermals...
--> Initiating Exp 6: GTA + ALiBi (28 Layers) at Length 2048
WARNING: All log messages before absl::InitializeLog() is called are written to STDERR
I0000 00:00:1780833111.649334  105781 port.cc:153] oneDNN custom operations are on. You may see slightly different numerical results due to floating-point round-off errors from different computation orders. To turn them off, set the environment variable `TF_ENABLE_ONEDNN_OPTS=0`.
WARNING: All log messages before absl::InitializeLog() is called are written to STDERR
I0000 00:00:1780833114.096654  105781 port.cc:153] oneDNN custom operations are on. You may see slightly different numerical results due to floating-point round-off errors from different computation orders. To turn them off, set the environment variable `TF_ENABLE_ONEDNN_OPTS=0`.
[transformers] PyTorch was not found. Models won't be available and only tokenizers, configuration and file/data utilities can be used.
Warning: You are sending unauthenticated requests to the HF Hub. Please set a HF_TOKEN to enable higher rate limits and faster downloads.
/root/anaconda3/envs/tensorflow-gpu/lib/python3.12/site-packages/keras/src/ops/nn.py:947: UserWarning: You are using a softmax over axis -1 of a tensor of shape (1, 16, 1, 1). This axis has size 1. The softmax operation will always return the value 1, which is likely not what you intended. Did you mean to use a sigmoid instead?
  warnings.warn(

🚀 [PID: 105781] Running Exp 6: GTA + ALiBi (28 Layers) at Length 2048...
      Warming up GPU kernels (Eager execution)...
      Params: 374.68M | VRAM: 2026.83 MB | TTFT: 1.1267s | TPOT: 0.8076s
💤 Sleeping for 1 minute to stabilize thermals...
--> Initiating Exp 2: GQA + RoPE (24 Layers) at Length 4096
WARNING: All log messages before absl::InitializeLog() is called are written to STDERR
I0000 00:00:1780833281.638292  107624 port.cc:153] oneDNN custom operations are on. You may see slightly different numerical results due to floating-point round-off errors from different computation orders. To turn them off, set the environment variable `TF_ENABLE_ONEDNN_OPTS=0`.
WARNING: All log messages before absl::InitializeLog() is called are written to STDERR
I0000 00:00:1780833284.166747  107624 port.cc:153] oneDNN custom operations are on. You may see slightly different numerical results due to floating-point round-off errors from different computation orders. To turn them off, set the environment variable `TF_ENABLE_ONEDNN_OPTS=0`.
[transformers] PyTorch was not found. Models won't be available and only tokenizers, configuration and file/data utilities can be used.
Warning: You are sending unauthenticated requests to the HF Hub. Please set a HF_TOKEN to enable higher rate limits and faster downloads.
/root/anaconda3/envs/tensorflow-gpu/lib/python3.12/site-packages/keras/src/ops/nn.py:947: UserWarning: You are using a softmax over axis -1 of a tensor of shape (1, 16, 1, 1). This axis has size 1. The softmax operation will always return the value 1, which is likely not what you intended. Did you mean to use a sigmoid instead?
  warnings.warn(

🚀 [PID: 107624] Running Exp 2: GQA + RoPE (24 Layers) at Length 4096...
      Warming up GPU kernels (Eager execution)...
      Params: 315.93M | VRAM: 5394.75 MB | TTFT: 2.8852s | TPOT: 0.9490s
💤 Sleeping for 1 minute to stabilize thermals...
==========================================
    STARTING RUN 3 OF 5
==========================================
--> Initiating Exp 5: GQA + RoPE (30 Layers) at Length 2048
WARNING: All log messages before absl::InitializeLog() is called are written to STDERR
I0000 00:00:1780833472.333071  109738 port.cc:153] oneDNN custom operations are on. You may see slightly different numerical results due to floating-point round-off errors from different computation orders. To turn them off, set the environment variable `TF_ENABLE_ONEDNN_OPTS=0`.
WARNING: All log messages before absl::InitializeLog() is called are written to STDERR
I0000 00:00:1780833474.834717  109738 port.cc:153] oneDNN custom operations are on. You may see slightly different numerical results due to floating-point round-off errors from different computation orders. To turn them off, set the environment variable `TF_ENABLE_ONEDNN_OPTS=0`.
[transformers] PyTorch was not found. Models won't be available and only tokenizers, configuration and file/data utilities can be used.
Warning: You are sending unauthenticated requests to the HF Hub. Please set a HF_TOKEN to enable higher rate limits and faster downloads.
/root/anaconda3/envs/tensorflow-gpu/lib/python3.12/site-packages/keras/src/ops/nn.py:947: UserWarning: You are using a softmax over axis -1 of a tensor of shape (1, 16, 1, 1). This axis has size 1. The softmax operation will always return the value 1, which is likely not what you intended. Did you mean to use a sigmoid instead?
  warnings.warn(

🚀 [PID: 109738] Running Exp 5: GQA + RoPE (30 Layers) at Length 2048...
      Warming up GPU kernels (Eager execution)...
      Params: 382.04M | VRAM: 1968.84 MB | TTFT: 1.3903s | TPOT: 1.1491s
💤 Sleeping for 1 minute to stabilize thermals...
--> Initiating Exp 2: GQA + RoPE (24 Layers) at Length 512
WARNING: All log messages before absl::InitializeLog() is called are written to STDERR
I0000 00:00:1780833683.242125  111996 port.cc:153] oneDNN custom operations are on. You may see slightly different numerical results due to floating-point round-off errors from different computation orders. To turn them off, set the environment variable `TF_ENABLE_ONEDNN_OPTS=0`.
WARNING: All log messages before absl::InitializeLog() is called are written to STDERR
I0000 00:00:1780833685.727790  111996 port.cc:153] oneDNN custom operations are on. You may see slightly different numerical results due to floating-point round-off errors from different computation orders. To turn them off, set the environment variable `TF_ENABLE_ONEDNN_OPTS=0`.
[transformers] PyTorch was not found. Models won't be available and only tokenizers, configuration and file/data utilities can be used.
Warning: You are sending unauthenticated requests to the HF Hub. Please set a HF_TOKEN to enable higher rate limits and faster downloads.
/root/anaconda3/envs/tensorflow-gpu/lib/python3.12/site-packages/keras/src/ops/nn.py:947: UserWarning: You are using a softmax over axis -1 of a tensor of shape (1, 16, 1, 1). This axis has size 1. The softmax operation will always return the value 1, which is likely not what you intended. Did you mean to use a sigmoid instead?
  warnings.warn(

🚀 [PID: 111996] Running Exp 2: GQA + RoPE (24 Layers) at Length 512...
      Warming up GPU kernels (Eager execution)...
      Params: 315.93M | VRAM: 773.95 MB | TTFT: 1.0270s | TPOT: 0.9412s
💤 Sleeping for 1 minute to stabilize thermals...
--> Initiating Exp 3: GTA + ALiBi (24 Layers) at Length 2048
WARNING: All log messages before absl::InitializeLog() is called are written to STDERR
I0000 00:00:1780833869.784256  114049 port.cc:153] oneDNN custom operations are on. You may see slightly different numerical results due to floating-point round-off errors from different computation orders. To turn them off, set the environment variable `TF_ENABLE_ONEDNN_OPTS=0`.
WARNING: All log messages before absl::InitializeLog() is called are written to STDERR
I0000 00:00:1780833872.259669  114049 port.cc:153] oneDNN custom operations are on. You may see slightly different numerical results due to floating-point round-off errors from different computation orders. To turn them off, set the environment variable `TF_ENABLE_ONEDNN_OPTS=0`.
[transformers] PyTorch was not found. Models won't be available and only tokenizers, configuration and file/data utilities can be used.
/root/anaconda3/envs/tensorflow-gpu/lib/python3.12/site-packages/keras/src/ops/nn.py:947: UserWarning: You are using a softmax over axis -1 of a tensor of shape (1, 16, 1, 1). This axis has size 1. The softmax operation will always return the value 1, which is likely not what you intended. Did you mean to use a sigmoid instead?
  warnings.warn(

🚀 [PID: 114049] Running Exp 3: GTA + ALiBi (24 Layers) at Length 2048...
      Warming up GPU kernels (Eager execution)...
      Params: 328.51M | VRAM: 1922.75 MB | TTFT: 0.9504s | TPOT: 0.6945s
💤 Sleeping for 1 minute to stabilize thermals...
--> Initiating Exp 3: GTA + ALiBi (24 Layers) at Length 512
WARNING: All log messages before absl::InitializeLog() is called are written to STDERR
I0000 00:00:1780834027.165515  115845 port.cc:153] oneDNN custom operations are on. You may see slightly different numerical results due to floating-point round-off errors from different computation orders. To turn them off, set the environment variable `TF_ENABLE_ONEDNN_OPTS=0`.
WARNING: All log messages before absl::InitializeLog() is called are written to STDERR
I0000 00:00:1780834029.893629  115845 port.cc:153] oneDNN custom operations are on. You may see slightly different numerical results due to floating-point round-off errors from different computation orders. To turn them off, set the environment variable `TF_ENABLE_ONEDNN_OPTS=0`.
[transformers] PyTorch was not found. Models won't be available and only tokenizers, configuration and file/data utilities can be used.
Warning: You are sending unauthenticated requests to the HF Hub. Please set a HF_TOKEN to enable higher rate limits and faster downloads.
/root/anaconda3/envs/tensorflow-gpu/lib/python3.12/site-packages/keras/src/ops/nn.py:947: UserWarning: You are using a softmax over axis -1 of a tensor of shape (1, 16, 1, 1). This axis has size 1. The softmax operation will always return the value 1, which is likely not what you intended. Did you mean to use a sigmoid instead?
  warnings.warn(

🚀 [PID: 115845] Running Exp 3: GTA + ALiBi (24 Layers) at Length 512...
      Warming up GPU kernels (Eager execution)...
      Params: 328.51M | VRAM: 821.97 MB | TTFT: 0.6463s | TPOT: 0.6641s
💤 Sleeping for 1 minute to stabilize thermals...
--> Initiating Exp 1: Vanilla MHA (24 Layers) at Length 4096
WARNING: All log messages before absl::InitializeLog() is called are written to STDERR
I0000 00:00:1780834182.241272  117572 port.cc:153] oneDNN custom operations are on. You may see slightly different numerical results due to floating-point round-off errors from different computation orders. To turn them off, set the environment variable `TF_ENABLE_ONEDNN_OPTS=0`.
WARNING: All log messages before absl::InitializeLog() is called are written to STDERR
I0000 00:00:1780834184.736681  117572 port.cc:153] oneDNN custom operations are on. You may see slightly different numerical results due to floating-point round-off errors from different computation orders. To turn them off, set the environment variable `TF_ENABLE_ONEDNN_OPTS=0`.
[transformers] PyTorch was not found. Models won't be available and only tokenizers, configuration and file/data utilities can be used.
Warning: You are sending unauthenticated requests to the HF Hub. Please set a HF_TOKEN to enable higher rate limits and faster downloads.
/root/anaconda3/envs/tensorflow-gpu/lib/python3.12/site-packages/keras/src/ops/nn.py:947: UserWarning: You are using a softmax over axis -1 of a tensor of shape (1, 16, 1, 1). This axis has size 1. The softmax operation will always return the value 1, which is likely not what you intended. Did you mean to use a sigmoid instead?
  warnings.warn(

🚀 [PID: 117572] Running Exp 1: Vanilla MHA (24 Layers) at Length 4096...
      Warming up GPU kernels (Eager execution)...
      Params: 357.97M | VRAM: 5771.03 MB | TTFT: 2.5812s | TPOT: 0.5836s
💤 Sleeping for 1 minute to stabilize thermals...
--> Initiating Exp 2: GQA + RoPE (24 Layers) at Length 2048
WARNING: All log messages before absl::InitializeLog() is called are written to STDERR
I0000 00:00:1780834332.089444  119293 port.cc:153] oneDNN custom operations are on. You may see slightly different numerical results due to floating-point round-off errors from different computation orders. To turn them off, set the environment variable `TF_ENABLE_ONEDNN_OPTS=0`.
WARNING: All log messages before absl::InitializeLog() is called are written to STDERR
I0000 00:00:1780834334.611075  119293 port.cc:153] oneDNN custom operations are on. You may see slightly different numerical results due to floating-point round-off errors from different computation orders. To turn them off, set the environment variable `TF_ENABLE_ONEDNN_OPTS=0`.
[transformers] PyTorch was not found. Models won't be available and only tokenizers, configuration and file/data utilities can be used.
Warning: You are sending unauthenticated requests to the HF Hub. Please set a HF_TOKEN to enable higher rate limits and faster downloads.
/root/anaconda3/envs/tensorflow-gpu/lib/python3.12/site-packages/keras/src/ops/nn.py:947: UserWarning: You are using a softmax over axis -1 of a tensor of shape (1, 16, 1, 1). This axis has size 1. The softmax operation will always return the value 1, which is likely not what you intended. Did you mean to use a sigmoid instead?
  warnings.warn(

🚀 [PID: 119293] Running Exp 2: GQA + RoPE (24 Layers) at Length 2048...
      Warming up GPU kernels (Eager execution)...
      Params: 315.93M | VRAM: 1830.73 MB | TTFT: 1.2691s | TPOT: 0.9769s
💤 Sleeping for 1 minute to stabilize thermals...
--> Initiating Exp 6: GTA + ALiBi (28 Layers) at Length 2048
WARNING: All log messages before absl::InitializeLog() is called are written to STDERR
I0000 00:00:1780834522.476862  121367 port.cc:153] oneDNN custom operations are on. You may see slightly different numerical results due to floating-point round-off errors from different computation orders. To turn them off, set the environment variable `TF_ENABLE_ONEDNN_OPTS=0`.
WARNING: All log messages before absl::InitializeLog() is called are written to STDERR
I0000 00:00:1780834524.988678  121367 port.cc:153] oneDNN custom operations are on. You may see slightly different numerical results due to floating-point round-off errors from different computation orders. To turn them off, set the environment variable `TF_ENABLE_ONEDNN_OPTS=0`.
[transformers] PyTorch was not found. Models won't be available and only tokenizers, configuration and file/data utilities can be used.
Warning: You are sending unauthenticated requests to the HF Hub. Please set a HF_TOKEN to enable higher rate limits and faster downloads.
/root/anaconda3/envs/tensorflow-gpu/lib/python3.12/site-packages/keras/src/ops/nn.py:947: UserWarning: You are using a softmax over axis -1 of a tensor of shape (1, 16, 1, 1). This axis has size 1. The softmax operation will always return the value 1, which is likely not what you intended. Did you mean to use a sigmoid instead?
  warnings.warn(

🚀 [PID: 121367] Running Exp 6: GTA + ALiBi (28 Layers) at Length 2048...
      Warming up GPU kernels (Eager execution)...
      Params: 374.68M | VRAM: 2026.83 MB | TTFT: 1.1149s | TPOT: 0.8104s
💤 Sleeping for 1 minute to stabilize thermals...
--> Initiating Exp 5: GQA + RoPE (30 Layers) at Length 512
WARNING: All log messages before absl::InitializeLog() is called are written to STDERR
I0000 00:00:1780834692.755218  123263 port.cc:153] oneDNN custom operations are on. You may see slightly different numerical results due to floating-point round-off errors from different computation orders. To turn them off, set the environment variable `TF_ENABLE_ONEDNN_OPTS=0`.
WARNING: All log messages before absl::InitializeLog() is called are written to STDERR
I0000 00:00:1780834695.066591  123263 port.cc:153] oneDNN custom operations are on. You may see slightly different numerical results due to floating-point round-off errors from different computation orders. To turn them off, set the environment variable `TF_ENABLE_ONEDNN_OPTS=0`.
[transformers] PyTorch was not found. Models won't be available and only tokenizers, configuration and file/data utilities can be used.
Warning: You are sending unauthenticated requests to the HF Hub. Please set a HF_TOKEN to enable higher rate limits and faster downloads.
/root/anaconda3/envs/tensorflow-gpu/lib/python3.12/site-packages/keras/src/ops/nn.py:947: UserWarning: You are using a softmax over axis -1 of a tensor of shape (1, 16, 1, 1). This axis has size 1. The softmax operation will always return the value 1, which is likely not what you intended. Did you mean to use a sigmoid instead?
  warnings.warn(

🚀 [PID: 123263] Running Exp 5: GQA + RoPE (30 Layers) at Length 512...
      Warming up GPU kernels (Eager execution)...
      Params: 382.04M | VRAM: 906.06 MB | TTFT: 1.3631s | TPOT: 1.1915s
💤 Sleeping for 1 minute to stabilize thermals...
--> Initiating Exp 4: GQA + RoPE (28 Layers) at Length 4096
WARNING: All log messages before absl::InitializeLog() is called are written to STDERR
I0000 00:00:1780834907.006189  125571 port.cc:153] oneDNN custom operations are on. You may see slightly different numerical results due to floating-point round-off errors from different computation orders. To turn them off, set the environment variable `TF_ENABLE_ONEDNN_OPTS=0`.
WARNING: All log messages before absl::InitializeLog() is called are written to STDERR
I0000 00:00:1780834909.498654  125571 port.cc:153] oneDNN custom operations are on. You may see slightly different numerical results due to floating-point round-off errors from different computation orders. To turn them off, set the environment variable `TF_ENABLE_ONEDNN_OPTS=0`.
[transformers] PyTorch was not found. Models won't be available and only tokenizers, configuration and file/data utilities can be used.
Warning: You are sending unauthenticated requests to the HF Hub. Please set a HF_TOKEN to enable higher rate limits and faster downloads.
/root/anaconda3/envs/tensorflow-gpu/lib/python3.12/site-packages/keras/src/ops/nn.py:947: UserWarning: You are using a softmax over axis -1 of a tensor of shape (1, 16, 1, 1). This axis has size 1. The softmax operation will always return the value 1, which is likely not what you intended. Did you mean to use a sigmoid instead?
  warnings.warn(

🚀 [PID: 125571] Running Exp 4: GQA + RoPE (28 Layers) at Length 4096...
      Warming up GPU kernels (Eager execution)...
      Params: 360.00M | VRAM: 5494.83 MB | TTFT: 3.3060s | TPOT: 1.1075s
💤 Sleeping for 1 minute to stabilize thermals...
--> Initiating Exp 4: GQA + RoPE (28 Layers) at Length 512
WARNING: All log messages before absl::InitializeLog() is called are written to STDERR
I0000 00:00:1780835116.589783  127823 port.cc:153] oneDNN custom operations are on. You may see slightly different numerical results due to floating-point round-off errors from different computation orders. To turn them off, set the environment variable `TF_ENABLE_ONEDNN_OPTS=0`.
WARNING: All log messages before absl::InitializeLog() is called are written to STDERR
I0000 00:00:1780835119.031868  127823 port.cc:153] oneDNN custom operations are on. You may see slightly different numerical results due to floating-point round-off errors from different computation orders. To turn them off, set the environment variable `TF_ENABLE_ONEDNN_OPTS=0`.
[transformers] PyTorch was not found. Models won't be available and only tokenizers, configuration and file/data utilities can be used.
Warning: You are sending unauthenticated requests to the HF Hub. Please set a HF_TOKEN to enable higher rate limits and faster downloads.
/root/anaconda3/envs/tensorflow-gpu/lib/python3.12/site-packages/keras/src/ops/nn.py:947: UserWarning: You are using a softmax over axis -1 of a tensor of shape (1, 16, 1, 1). This axis has size 1. The softmax operation will always return the value 1, which is likely not what you intended. Did you mean to use a sigmoid instead?
  warnings.warn(

🚀 [PID: 127823] Running Exp 4: GQA + RoPE (28 Layers) at Length 512...
      Warming up GPU kernels (Eager execution)...
      Params: 360.00M | VRAM: 862.02 MB | TTFT: 1.2436s | TPOT: 1.0959s
💤 Sleeping for 1 minute to stabilize thermals...
--> Initiating Exp 1: Vanilla MHA (24 Layers) at Length 1024
WARNING: All log messages before absl::InitializeLog() is called are written to STDERR
I0000 00:00:1780835320.251596  130044 port.cc:153] oneDNN custom operations are on. You may see slightly different numerical results due to floating-point round-off errors from different computation orders. To turn them off, set the environment variable `TF_ENABLE_ONEDNN_OPTS=0`.
WARNING: All log messages before absl::InitializeLog() is called are written to STDERR
I0000 00:00:1780835322.741240  130044 port.cc:153] oneDNN custom operations are on. You may see slightly different numerical results due to floating-point round-off errors from different computation orders. To turn them off, set the environment variable `TF_ENABLE_ONEDNN_OPTS=0`.
[transformers] PyTorch was not found. Models won't be available and only tokenizers, configuration and file/data utilities can be used.
Warning: You are sending unauthenticated requests to the HF Hub. Please set a HF_TOKEN to enable higher rate limits and faster downloads.
/root/anaconda3/envs/tensorflow-gpu/lib/python3.12/site-packages/keras/src/ops/nn.py:947: UserWarning: You are using a softmax over axis -1 of a tensor of shape (1, 16, 1, 1). This axis has size 1. The softmax operation will always return the value 1, which is likely not what you intended. Did you mean to use a sigmoid instead?
  warnings.warn(

🚀 [PID: 130044] Running Exp 1: Vanilla MHA (24 Layers) at Length 1024...
      Warming up GPU kernels (Eager execution)...
      Params: 354.83M | VRAM: 1072.99 MB | TTFT: 0.6871s | TPOT: 0.5851s
💤 Sleeping for 1 minute to stabilize thermals...
--> Initiating Exp 4: GQA + RoPE (28 Layers) at Length 2048
WARNING: All log messages before absl::InitializeLog() is called are written to STDERR
I0000 00:00:1780835466.198253  131689 port.cc:153] oneDNN custom operations are on. You may see slightly different numerical results due to floating-point round-off errors from different computation orders. To turn them off, set the environment variable `TF_ENABLE_ONEDNN_OPTS=0`.
WARNING: All log messages before absl::InitializeLog() is called are written to STDERR
I0000 00:00:1780835468.730141  131689 port.cc:153] oneDNN custom operations are on. You may see slightly different numerical results due to floating-point round-off errors from different computation orders. To turn them off, set the environment variable `TF_ENABLE_ONEDNN_OPTS=0`.
[transformers] PyTorch was not found. Models won't be available and only tokenizers, configuration and file/data utilities can be used.
/root/anaconda3/envs/tensorflow-gpu/lib/python3.12/site-packages/keras/src/ops/nn.py:947: UserWarning: You are using a softmax over axis -1 of a tensor of shape (1, 16, 1, 1). This axis has size 1. The softmax operation will always return the value 1, which is likely not what you intended. Did you mean to use a sigmoid instead?
  warnings.warn(

🚀 [PID: 131689] Running Exp 4: GQA + RoPE (28 Layers) at Length 2048...
      Warming up GPU kernels (Eager execution)...
      Params: 360.00M | VRAM: 1922.81 MB | TTFT: 1.4072s | TPOT: 1.0907s
💤 Sleeping for 1 minute to stabilize thermals...
--> Initiating Exp 4: GQA + RoPE (28 Layers) at Length 1024
WARNING: All log messages before absl::InitializeLog() is called are written to STDERR
I0000 00:00:1780835669.886212  133882 port.cc:153] oneDNN custom operations are on. You may see slightly different numerical results due to floating-point round-off errors from different computation orders. To turn them off, set the environment variable `TF_ENABLE_ONEDNN_OPTS=0`.
WARNING: All log messages before absl::InitializeLog() is called are written to STDERR
I0000 00:00:1780835672.450478  133882 port.cc:153] oneDNN custom operations are on. You may see slightly different numerical results due to floating-point round-off errors from different computation orders. To turn them off, set the environment variable `TF_ENABLE_ONEDNN_OPTS=0`.
[transformers] PyTorch was not found. Models won't be available and only tokenizers, configuration and file/data utilities can be used.
Warning: You are sending unauthenticated requests to the HF Hub. Please set a HF_TOKEN to enable higher rate limits and faster downloads.
/root/anaconda3/envs/tensorflow-gpu/lib/python3.12/site-packages/keras/src/ops/nn.py:947: UserWarning: You are using a softmax over axis -1 of a tensor of shape (1, 16, 1, 1). This axis has size 1. The softmax operation will always return the value 1, which is likely not what you intended. Did you mean to use a sigmoid instead?
  warnings.warn(

🚀 [PID: 133882] Running Exp 4: GQA + RoPE (28 Layers) at Length 1024...
      Warming up GPU kernels (Eager execution)...
      Params: 360.00M | VRAM: 1012.79 MB | TTFT: 1.3083s | TPOT: 1.0750s
💤 Sleeping for 1 minute to stabilize thermals...
--> Initiating Exp 5: GQA + RoPE (30 Layers) at Length 4096
WARNING: All log messages before absl::InitializeLog() is called are written to STDERR
I0000 00:00:1780835870.821994  136092 port.cc:153] oneDNN custom operations are on. You may see slightly different numerical results due to floating-point round-off errors from different computation orders. To turn them off, set the environment variable `TF_ENABLE_ONEDNN_OPTS=0`.
WARNING: All log messages before absl::InitializeLog() is called are written to STDERR
I0000 00:00:1780835873.338063  136092 port.cc:153] oneDNN custom operations are on. You may see slightly different numerical results due to floating-point round-off errors from different computation orders. To turn them off, set the environment variable `TF_ENABLE_ONEDNN_OPTS=0`.
[transformers] PyTorch was not found. Models won't be available and only tokenizers, configuration and file/data utilities can be used.
/root/anaconda3/envs/tensorflow-gpu/lib/python3.12/site-packages/keras/src/ops/nn.py:947: UserWarning: You are using a softmax over axis -1 of a tensor of shape (1, 16, 1, 1). This axis has size 1. The softmax operation will always return the value 1, which is likely not what you intended. Did you mean to use a sigmoid instead?
  warnings.warn(

🚀 [PID: 136092] Running Exp 5: GQA + RoPE (30 Layers) at Length 4096...
      Warming up GPU kernels (Eager execution)...
      Params: 382.04M | VRAM: 5544.87 MB | TTFT: 3.6166s | TPOT: 1.1743s
💤 Sleeping for 1 minute to stabilize thermals...
--> Initiating Exp 2: GQA + RoPE (24 Layers) at Length 4096
WARNING: All log messages before absl::InitializeLog() is called are written to STDERR
I0000 00:00:1780836087.125901  138415 port.cc:153] oneDNN custom operations are on. You may see slightly different numerical results due to floating-point round-off errors from different computation orders. To turn them off, set the environment variable `TF_ENABLE_ONEDNN_OPTS=0`.
WARNING: All log messages before absl::InitializeLog() is called are written to STDERR
I0000 00:00:1780836089.661067  138415 port.cc:153] oneDNN custom operations are on. You may see slightly different numerical results due to floating-point round-off errors from different computation orders. To turn them off, set the environment variable `TF_ENABLE_ONEDNN_OPTS=0`.
[transformers] PyTorch was not found. Models won't be available and only tokenizers, configuration and file/data utilities can be used.
Warning: You are sending unauthenticated requests to the HF Hub. Please set a HF_TOKEN to enable higher rate limits and faster downloads.
/root/anaconda3/envs/tensorflow-gpu/lib/python3.12/site-packages/keras/src/ops/nn.py:947: UserWarning: You are using a softmax over axis -1 of a tensor of shape (1, 16, 1, 1). This axis has size 1. The softmax operation will always return the value 1, which is likely not what you intended. Did you mean to use a sigmoid instead?
  warnings.warn(

🚀 [PID: 138415] Running Exp 2: GQA + RoPE (24 Layers) at Length 4096...
      Warming up GPU kernels (Eager execution)...
      Params: 315.93M | VRAM: 5394.75 MB | TTFT: 2.8615s | TPOT: 0.9871s
💤 Sleeping for 1 minute to stabilize thermals...
--> Initiating Exp 1: Vanilla MHA (24 Layers) at Length 512
WARNING: All log messages before absl::InitializeLog() is called are written to STDERR
I0000 00:00:1780836280.539401  140568 port.cc:153] oneDNN custom operations are on. You may see slightly different numerical results due to floating-point round-off errors from different computation orders. To turn them off, set the environment variable `TF_ENABLE_ONEDNN_OPTS=0`.
WARNING: All log messages before absl::InitializeLog() is called are written to STDERR
I0000 00:00:1780836283.061700  140568 port.cc:153] oneDNN custom operations are on. You may see slightly different numerical results due to floating-point round-off errors from different computation orders. To turn them off, set the environment variable `TF_ENABLE_ONEDNN_OPTS=0`.
[transformers] PyTorch was not found. Models won't be available and only tokenizers, configuration and file/data utilities can be used.
Warning: You are sending unauthenticated requests to the HF Hub. Please set a HF_TOKEN to enable higher rate limits and faster downloads.
/root/anaconda3/envs/tensorflow-gpu/lib/python3.12/site-packages/keras/src/ops/nn.py:947: UserWarning: You are using a softmax over axis -1 of a tensor of shape (1, 16, 1, 1). This axis has size 1. The softmax operation will always return the value 1, which is likely not what you intended. Did you mean to use a sigmoid instead?
  warnings.warn(

🚀 [PID: 140568] Running Exp 1: Vanilla MHA (24 Layers) at Length 512...
      Warming up GPU kernels (Eager execution)...
      Params: 354.30M | VRAM: 919.21 MB | TTFT: 0.7179s | TPOT: 0.5831s
💤 Sleeping for 1 minute to stabilize thermals...
--> Initiating Exp 6: GTA + ALiBi (28 Layers) at Length 4096
WARNING: All log messages before absl::InitializeLog() is called are written to STDERR
I0000 00:00:1780836424.771815  142207 port.cc:153] oneDNN custom operations are on. You may see slightly different numerical results due to floating-point round-off errors from different computation orders. To turn them off, set the environment variable `TF_ENABLE_ONEDNN_OPTS=0`.
WARNING: All log messages before absl::InitializeLog() is called are written to STDERR
I0000 00:00:1780836427.330452  142207 port.cc:153] oneDNN custom operations are on. You may see slightly different numerical results due to floating-point round-off errors from different computation orders. To turn them off, set the environment variable `TF_ENABLE_ONEDNN_OPTS=0`.
[transformers] PyTorch was not found. Models won't be available and only tokenizers, configuration and file/data utilities can be used.
Warning: You are sending unauthenticated requests to the HF Hub. Please set a HF_TOKEN to enable higher rate limits and faster downloads.
/root/anaconda3/envs/tensorflow-gpu/lib/python3.12/site-packages/keras/src/ops/nn.py:947: UserWarning: You are using a softmax over axis -1 of a tensor of shape (1, 16, 1, 1). This axis has size 1. The softmax operation will always return the value 1, which is likely not what you intended. Did you mean to use a sigmoid instead?
  warnings.warn(

🚀 [PID: 142207] Running Exp 6: GTA + ALiBi (28 Layers) at Length 4096...
      Warming up GPU kernels (Eager execution)...
      Params: 374.68M | VRAM: 5706.85 MB | TTFT: 4.5361s | TPOT: 0.8211s
💤 Sleeping for 1 minute to stabilize thermals...
--> Initiating Exp 3: GTA + ALiBi (24 Layers) at Length 1024
WARNING: All log messages before absl::InitializeLog() is called are written to STDERR
I0000 00:00:1780836600.062676  144161 port.cc:153] oneDNN custom operations are on. You may see slightly different numerical results due to floating-point round-off errors from different computation orders. To turn them off, set the environment variable `TF_ENABLE_ONEDNN_OPTS=0`.
WARNING: All log messages before absl::InitializeLog() is called are written to STDERR
I0000 00:00:1780836602.673275  144161 port.cc:153] oneDNN custom operations are on. You may see slightly different numerical results due to floating-point round-off errors from different computation orders. To turn them off, set the environment variable `TF_ENABLE_ONEDNN_OPTS=0`.
[transformers] PyTorch was not found. Models won't be available and only tokenizers, configuration and file/data utilities can be used.
Warning: You are sending unauthenticated requests to the HF Hub. Please set a HF_TOKEN to enable higher rate limits and faster downloads.
/root/anaconda3/envs/tensorflow-gpu/lib/python3.12/site-packages/keras/src/ops/nn.py:947: UserWarning: You are using a softmax over axis -1 of a tensor of shape (1, 16, 1, 1). This axis has size 1. The softmax operation will always return the value 1, which is likely not what you intended. Did you mean to use a sigmoid instead?
  warnings.warn(

🚀 [PID: 144161] Running Exp 3: GTA + ALiBi (24 Layers) at Length 1024...
      Warming up GPU kernels (Eager execution)...
      Params: 328.51M | VRAM: 978.74 MB | TTFT: 0.7688s | TPOT: 0.7122s
💤 Sleeping for 1 minute to stabilize thermals...
--> Initiating Exp 3: GTA + ALiBi (24 Layers) at Length 4096
WARNING: All log messages before absl::InitializeLog() is called are written to STDERR
I0000 00:00:1780836756.341487  145951 port.cc:153] oneDNN custom operations are on. You may see slightly different numerical results due to floating-point round-off errors from different computation orders. To turn them off, set the environment variable `TF_ENABLE_ONEDNN_OPTS=0`.
WARNING: All log messages before absl::InitializeLog() is called are written to STDERR
I0000 00:00:1780836758.943674  145951 port.cc:153] oneDNN custom operations are on. You may see slightly different numerical results due to floating-point round-off errors from different computation orders. To turn them off, set the environment variable `TF_ENABLE_ONEDNN_OPTS=0`.
[transformers] PyTorch was not found. Models won't be available and only tokenizers, configuration and file/data utilities can be used.
Warning: You are sending unauthenticated requests to the HF Hub. Please set a HF_TOKEN to enable higher rate limits and faster downloads.
/root/anaconda3/envs/tensorflow-gpu/lib/python3.12/site-packages/keras/src/ops/nn.py:947: UserWarning: You are using a softmax over axis -1 of a tensor of shape (1, 16, 1, 1). This axis has size 1. The softmax operation will always return the value 1, which is likely not what you intended. Did you mean to use a sigmoid instead?
  warnings.warn(

🚀 [PID: 145951] Running Exp 3: GTA + ALiBi (24 Layers) at Length 4096...
      Warming up GPU kernels (Eager execution)...
      Params: 328.51M | VRAM: 5586.78 MB | TTFT: 3.6253s | TPOT: 0.7237s
💤 Sleeping for 1 minute to stabilize thermals...
--> Initiating Exp 2: GQA + RoPE (24 Layers) at Length 1024
WARNING: All log messages before absl::InitializeLog() is called are written to STDERR
I0000 00:00:1780836919.348003  147797 port.cc:153] oneDNN custom operations are on. You may see slightly different numerical results due to floating-point round-off errors from different computation orders. To turn them off, set the environment variable `TF_ENABLE_ONEDNN_OPTS=0`.
WARNING: All log messages before absl::InitializeLog() is called are written to STDERR
I0000 00:00:1780836921.798423  147797 port.cc:153] oneDNN custom operations are on. You may see slightly different numerical results due to floating-point round-off errors from different computation orders. To turn them off, set the environment variable `TF_ENABLE_ONEDNN_OPTS=0`.
[transformers] PyTorch was not found. Models won't be available and only tokenizers, configuration and file/data utilities can be used.
Warning: You are sending unauthenticated requests to the HF Hub. Please set a HF_TOKEN to enable higher rate limits and faster downloads.
/root/anaconda3/envs/tensorflow-gpu/lib/python3.12/site-packages/keras/src/ops/nn.py:947: UserWarning: You are using a softmax over axis -1 of a tensor of shape (1, 16, 1, 1). This axis has size 1. The softmax operation will always return the value 1, which is likely not what you intended. Did you mean to use a sigmoid instead?
  warnings.warn(

🚀 [PID: 147797] Running Exp 2: GQA + RoPE (24 Layers) at Length 1024...
      Warming up GPU kernels (Eager execution)...
      Params: 315.93M | VRAM: 924.72 MB | TTFT: 1.1978s | TPOT: 0.9615s
💤 Sleeping for 1 minute to stabilize thermals...
--> Initiating Exp 6: GTA + ALiBi (28 Layers) at Length 1024
WARNING: All log messages before absl::InitializeLog() is called are written to STDERR
I0000 00:00:1780837105.582333  149865 port.cc:153] oneDNN custom operations are on. You may see slightly different numerical results due to floating-point round-off errors from different computation orders. To turn them off, set the environment variable `TF_ENABLE_ONEDNN_OPTS=0`.
WARNING: All log messages before absl::InitializeLog() is called are written to STDERR
I0000 00:00:1780837108.168561  149865 port.cc:153] oneDNN custom operations are on. You may see slightly different numerical results due to floating-point round-off errors from different computation orders. To turn them off, set the environment variable `TF_ENABLE_ONEDNN_OPTS=0`.
[transformers] PyTorch was not found. Models won't be available and only tokenizers, configuration and file/data utilities can be used.
/root/anaconda3/envs/tensorflow-gpu/lib/python3.12/site-packages/keras/src/ops/nn.py:947: UserWarning: You are using a softmax over axis -1 of a tensor of shape (1, 16, 1, 1). This axis has size 1. The softmax operation will always return the value 1, which is likely not what you intended. Did you mean to use a sigmoid instead?
  warnings.warn(

🚀 [PID: 149865] Running Exp 6: GTA + ALiBi (28 Layers) at Length 1024...
      Warming up GPU kernels (Eager execution)...
      Params: 374.68M | VRAM: 1074.82 MB | TTFT: 0.9238s | TPOT: 0.8023s
💤 Sleeping for 1 minute to stabilize thermals...
--> Initiating Exp 6: GTA + ALiBi (28 Layers) at Length 512
WARNING: All log messages before absl::InitializeLog() is called are written to STDERR
I0000 00:00:1780837272.227235  151773 port.cc:153] oneDNN custom operations are on. You may see slightly different numerical results due to floating-point round-off errors from different computation orders. To turn them off, set the environment variable `TF_ENABLE_ONEDNN_OPTS=0`.
WARNING: All log messages before absl::InitializeLog() is called are written to STDERR
I0000 00:00:1780837274.816696  151773 port.cc:153] oneDNN custom operations are on. You may see slightly different numerical results due to floating-point round-off errors from different computation orders. To turn them off, set the environment variable `TF_ENABLE_ONEDNN_OPTS=0`.
[transformers] PyTorch was not found. Models won't be available and only tokenizers, configuration and file/data utilities can be used.
Warning: You are sending unauthenticated requests to the HF Hub. Please set a HF_TOKEN to enable higher rate limits and faster downloads.
/root/anaconda3/envs/tensorflow-gpu/lib/python3.12/site-packages/keras/src/ops/nn.py:947: UserWarning: You are using a softmax over axis -1 of a tensor of shape (1, 16, 1, 1). This axis has size 1. The softmax operation will always return the value 1, which is likely not what you intended. Did you mean to use a sigmoid instead?
  warnings.warn(

🚀 [PID: 151773] Running Exp 6: GTA + ALiBi (28 Layers) at Length 512...
      Warming up GPU kernels (Eager execution)...
      Params: 374.68M | VRAM: 918.05 MB | TTFT: 0.7772s | TPOT: 0.8065s
💤 Sleeping for 1 minute to stabilize thermals...
--> Initiating Exp 1: Vanilla MHA (24 Layers) at Length 2048
WARNING: All log messages before absl::InitializeLog() is called are written to STDERR
I0000 00:00:1780837439.520421  153611 port.cc:153] oneDNN custom operations are on. You may see slightly different numerical results due to floating-point round-off errors from different computation orders. To turn them off, set the environment variable `TF_ENABLE_ONEDNN_OPTS=0`.
WARNING: All log messages before absl::InitializeLog() is called are written to STDERR
I0000 00:00:1780837442.134304  153611 port.cc:153] oneDNN custom operations are on. You may see slightly different numerical results due to floating-point round-off errors from different computation orders. To turn them off, set the environment variable `TF_ENABLE_ONEDNN_OPTS=0`.
[transformers] PyTorch was not found. Models won't be available and only tokenizers, configuration and file/data utilities can be used.
/root/anaconda3/envs/tensorflow-gpu/lib/python3.12/site-packages/keras/src/ops/nn.py:947: UserWarning: You are using a softmax over axis -1 of a tensor of shape (1, 16, 1, 1). This axis has size 1. The softmax operation will always return the value 1, which is likely not what you intended. Did you mean to use a sigmoid instead?
  warnings.warn(

🚀 [PID: 153611] Running Exp 1: Vanilla MHA (24 Layers) at Length 2048...
      Warming up GPU kernels (Eager execution)...
      Params: 355.88M | VRAM: 2055.00 MB | TTFT: 0.8599s | TPOT: 0.5980s
💤 Sleeping for 1 minute to stabilize thermals...
--> Initiating Exp 5: GQA + RoPE (30 Layers) at Length 1024
WARNING: All log messages before absl::InitializeLog() is called are written to STDERR
I0000 00:00:1780837584.511575  155305 port.cc:153] oneDNN custom operations are on. You may see slightly different numerical results due to floating-point round-off errors from different computation orders. To turn them off, set the environment variable `TF_ENABLE_ONEDNN_OPTS=0`.
WARNING: All log messages before absl::InitializeLog() is called are written to STDERR
I0000 00:00:1780837587.077549  155305 port.cc:153] oneDNN custom operations are on. You may see slightly different numerical results due to floating-point round-off errors from different computation orders. To turn them off, set the environment variable `TF_ENABLE_ONEDNN_OPTS=0`.
[transformers] PyTorch was not found. Models won't be available and only tokenizers, configuration and file/data utilities can be used.
/root/anaconda3/envs/tensorflow-gpu/lib/python3.12/site-packages/keras/src/ops/nn.py:947: UserWarning: You are using a softmax over axis -1 of a tensor of shape (1, 16, 1, 1). This axis has size 1. The softmax operation will always return the value 1, which is likely not what you intended. Did you mean to use a sigmoid instead?
  warnings.warn(

🚀 [PID: 155305] Running Exp 5: GQA + RoPE (30 Layers) at Length 1024...
      Warming up GPU kernels (Eager execution)...
      Params: 382.04M | VRAM: 1056.83 MB | TTFT: 1.3752s | TPOT: 1.1713s
💤 Sleeping for 1 minute to stabilize thermals...
==========================================
    STARTING RUN 4 OF 5
==========================================
--> Initiating Exp 1: Vanilla MHA (24 Layers) at Length 4096
WARNING: All log messages before absl::InitializeLog() is called are written to STDERR
I0000 00:00:1780837794.611422  157573 port.cc:153] oneDNN custom operations are on. You may see slightly different numerical results due to floating-point round-off errors from different computation orders. To turn them off, set the environment variable `TF_ENABLE_ONEDNN_OPTS=0`.
WARNING: All log messages before absl::InitializeLog() is called are written to STDERR
I0000 00:00:1780837797.140946  157573 port.cc:153] oneDNN custom operations are on. You may see slightly different numerical results due to floating-point round-off errors from different computation orders. To turn them off, set the environment variable `TF_ENABLE_ONEDNN_OPTS=0`.
[transformers] PyTorch was not found. Models won't be available and only tokenizers, configuration and file/data utilities can be used.
Warning: You are sending unauthenticated requests to the HF Hub. Please set a HF_TOKEN to enable higher rate limits and faster downloads.
/root/anaconda3/envs/tensorflow-gpu/lib/python3.12/site-packages/keras/src/ops/nn.py:947: UserWarning: You are using a softmax over axis -1 of a tensor of shape (1, 16, 1, 1). This axis has size 1. The softmax operation will always return the value 1, which is likely not what you intended. Did you mean to use a sigmoid instead?
  warnings.warn(

🚀 [PID: 157573] Running Exp 1: Vanilla MHA (24 Layers) at Length 4096...
      Warming up GPU kernels (Eager execution)...
      Params: 357.97M | VRAM: 5771.03 MB | TTFT: 2.6222s | TPOT: 0.5845s
💤 Sleeping for 1 minute to stabilize thermals...
--> Initiating Exp 6: GTA + ALiBi (28 Layers) at Length 4096
WARNING: All log messages before absl::InitializeLog() is called are written to STDERR
I0000 00:00:1780837941.095009  159289 port.cc:153] oneDNN custom operations are on. You may see slightly different numerical results due to floating-point round-off errors from different computation orders. To turn them off, set the environment variable `TF_ENABLE_ONEDNN_OPTS=0`.
WARNING: All log messages before absl::InitializeLog() is called are written to STDERR
I0000 00:00:1780837943.714658  159289 port.cc:153] oneDNN custom operations are on. You may see slightly different numerical results due to floating-point round-off errors from different computation orders. To turn them off, set the environment variable `TF_ENABLE_ONEDNN_OPTS=0`.
[transformers] PyTorch was not found. Models won't be available and only tokenizers, configuration and file/data utilities can be used.
Warning: You are sending unauthenticated requests to the HF Hub. Please set a HF_TOKEN to enable higher rate limits and faster downloads.
/root/anaconda3/envs/tensorflow-gpu/lib/python3.12/site-packages/keras/src/ops/nn.py:947: UserWarning: You are using a softmax over axis -1 of a tensor of shape (1, 16, 1, 1). This axis has size 1. The softmax operation will always return the value 1, which is likely not what you intended. Did you mean to use a sigmoid instead?
  warnings.warn(

🚀 [PID: 159289] Running Exp 6: GTA + ALiBi (28 Layers) at Length 4096...
      Warming up GPU kernels (Eager execution)...
      Params: 374.68M | VRAM: 5706.85 MB | TTFT: 4.5789s | TPOT: 0.8006s
💤 Sleeping for 1 minute to stabilize thermals...
--> Initiating Exp 4: GQA + RoPE (28 Layers) at Length 4096
WARNING: All log messages before absl::InitializeLog() is called are written to STDERR
I0000 00:00:1780838115.059141  161226 port.cc:153] oneDNN custom operations are on. You may see slightly different numerical results due to floating-point round-off errors from different computation orders. To turn them off, set the environment variable `TF_ENABLE_ONEDNN_OPTS=0`.
WARNING: All log messages before absl::InitializeLog() is called are written to STDERR
I0000 00:00:1780838117.670917  161226 port.cc:153] oneDNN custom operations are on. You may see slightly different numerical results due to floating-point round-off errors from different computation orders. To turn them off, set the environment variable `TF_ENABLE_ONEDNN_OPTS=0`.
[transformers] PyTorch was not found. Models won't be available and only tokenizers, configuration and file/data utilities can be used.
Warning: You are sending unauthenticated requests to the HF Hub. Please set a HF_TOKEN to enable higher rate limits and faster downloads.
/root/anaconda3/envs/tensorflow-gpu/lib/python3.12/site-packages/keras/src/ops/nn.py:947: UserWarning: You are using a softmax over axis -1 of a tensor of shape (1, 16, 1, 1). This axis has size 1. The softmax operation will always return the value 1, which is likely not what you intended. Did you mean to use a sigmoid instead?
  warnings.warn(

🚀 [PID: 161226] Running Exp 4: GQA + RoPE (28 Layers) at Length 4096...
      Warming up GPU kernels (Eager execution)...
      Params: 360.00M | VRAM: 5494.83 MB | TTFT: 3.3321s | TPOT: 1.1633s
💤 Sleeping for 1 minute to stabilize thermals...
--> Initiating Exp 6: GTA + ALiBi (28 Layers) at Length 1024
WARNING: All log messages before absl::InitializeLog() is called are written to STDERR
I0000 00:00:1780838326.696280  163546 port.cc:153] oneDNN custom operations are on. You may see slightly different numerical results due to floating-point round-off errors from different computation orders. To turn them off, set the environment variable `TF_ENABLE_ONEDNN_OPTS=0`.
WARNING: All log messages before absl::InitializeLog() is called are written to STDERR
I0000 00:00:1780838329.378012  163546 port.cc:153] oneDNN custom operations are on. You may see slightly different numerical results due to floating-point round-off errors from different computation orders. To turn them off, set the environment variable `TF_ENABLE_ONEDNN_OPTS=0`.
[transformers] PyTorch was not found. Models won't be available and only tokenizers, configuration and file/data utilities can be used.
/root/anaconda3/envs/tensorflow-gpu/lib/python3.12/site-packages/keras/src/ops/nn.py:947: UserWarning: You are using a softmax over axis -1 of a tensor of shape (1, 16, 1, 1). This axis has size 1. The softmax operation will always return the value 1, which is likely not what you intended. Did you mean to use a sigmoid instead?
  warnings.warn(

🚀 [PID: 163546] Running Exp 6: GTA + ALiBi (28 Layers) at Length 1024...
      Warming up GPU kernels (Eager execution)...
      Params: 374.68M | VRAM: 1074.82 MB | TTFT: 0.8631s | TPOT: 0.8016s
💤 Sleeping for 1 minute to stabilize thermals...
--> Initiating Exp 3: GTA + ALiBi (24 Layers) at Length 1024
WARNING: All log messages before absl::InitializeLog() is called are written to STDERR
I0000 00:00:1780838493.369679  165409 port.cc:153] oneDNN custom operations are on. You may see slightly different numerical results due to floating-point round-off errors from different computation orders. To turn them off, set the environment variable `TF_ENABLE_ONEDNN_OPTS=0`.
WARNING: All log messages before absl::InitializeLog() is called are written to STDERR
I0000 00:00:1780838495.929454  165409 port.cc:153] oneDNN custom operations are on. You may see slightly different numerical results due to floating-point round-off errors from different computation orders. To turn them off, set the environment variable `TF_ENABLE_ONEDNN_OPTS=0`.
[transformers] PyTorch was not found. Models won't be available and only tokenizers, configuration and file/data utilities can be used.
Warning: You are sending unauthenticated requests to the HF Hub. Please set a HF_TOKEN to enable higher rate limits and faster downloads.
/root/anaconda3/envs/tensorflow-gpu/lib/python3.12/site-packages/keras/src/ops/nn.py:947: UserWarning: You are using a softmax over axis -1 of a tensor of shape (1, 16, 1, 1). This axis has size 1. The softmax operation will always return the value 1, which is likely not what you intended. Did you mean to use a sigmoid instead?
  warnings.warn(

🚀 [PID: 165409] Running Exp 3: GTA + ALiBi (24 Layers) at Length 1024...
      Warming up GPU kernels (Eager execution)...
      Params: 328.51M | VRAM: 978.74 MB | TTFT: 0.6755s | TPOT: 0.7008s
💤 Sleeping for 1 minute to stabilize thermals...
--> Initiating Exp 3: GTA + ALiBi (24 Layers) at Length 2048
WARNING: All log messages before absl::InitializeLog() is called are written to STDERR
I0000 00:00:1780838646.907398  167187 port.cc:153] oneDNN custom operations are on. You may see slightly different numerical results due to floating-point round-off errors from different computation orders. To turn them off, set the environment variable `TF_ENABLE_ONEDNN_OPTS=0`.
WARNING: All log messages before absl::InitializeLog() is called are written to STDERR
I0000 00:00:1780838649.451629  167187 port.cc:153] oneDNN custom operations are on. You may see slightly different numerical results due to floating-point round-off errors from different computation orders. To turn them off, set the environment variable `TF_ENABLE_ONEDNN_OPTS=0`.
[transformers] PyTorch was not found. Models won't be available and only tokenizers, configuration and file/data utilities can be used.
Warning: You are sending unauthenticated requests to the HF Hub. Please set a HF_TOKEN to enable higher rate limits and faster downloads.
/root/anaconda3/envs/tensorflow-gpu/lib/python3.12/site-packages/keras/src/ops/nn.py:947: UserWarning: You are using a softmax over axis -1 of a tensor of shape (1, 16, 1, 1). This axis has size 1. The softmax operation will always return the value 1, which is likely not what you intended. Did you mean to use a sigmoid instead?
  warnings.warn(

🚀 [PID: 167187] Running Exp 3: GTA + ALiBi (24 Layers) at Length 2048...
      Warming up GPU kernels (Eager execution)...
      Params: 328.51M | VRAM: 1922.75 MB | TTFT: 1.0399s | TPOT: 0.7065s
💤 Sleeping for 1 minute to stabilize thermals...
--> Initiating Exp 4: GQA + RoPE (28 Layers) at Length 512
WARNING: All log messages before absl::InitializeLog() is called are written to STDERR
I0000 00:00:1780838802.316361  168955 port.cc:153] oneDNN custom operations are on. You may see slightly different numerical results due to floating-point round-off errors from different computation orders. To turn them off, set the environment variable `TF_ENABLE_ONEDNN_OPTS=0`.
WARNING: All log messages before absl::InitializeLog() is called are written to STDERR
I0000 00:00:1780838804.935841  168955 port.cc:153] oneDNN custom operations are on. You may see slightly different numerical results due to floating-point round-off errors from different computation orders. To turn them off, set the environment variable `TF_ENABLE_ONEDNN_OPTS=0`.
[transformers] PyTorch was not found. Models won't be available and only tokenizers, configuration and file/data utilities can be used.
Warning: You are sending unauthenticated requests to the HF Hub. Please set a HF_TOKEN to enable higher rate limits and faster downloads.
/root/anaconda3/envs/tensorflow-gpu/lib/python3.12/site-packages/keras/src/ops/nn.py:947: UserWarning: You are using a softmax over axis -1 of a tensor of shape (1, 16, 1, 1). This axis has size 1. The softmax operation will always return the value 1, which is likely not what you intended. Did you mean to use a sigmoid instead?
  warnings.warn(

🚀 [PID: 168955] Running Exp 4: GQA + RoPE (28 Layers) at Length 512...
      Warming up GPU kernels (Eager execution)...
      Params: 360.00M | VRAM: 862.02 MB | TTFT: 1.2040s | TPOT: 1.1152s
💤 Sleeping for 1 minute to stabilize thermals...
--> Initiating Exp 5: GQA + RoPE (30 Layers) at Length 4096
WARNING: All log messages before absl::InitializeLog() is called are written to STDERR
I0000 00:00:1780839005.463430  171189 port.cc:153] oneDNN custom operations are on. You may see slightly different numerical results due to floating-point round-off errors from different computation orders. To turn them off, set the environment variable `TF_ENABLE_ONEDNN_OPTS=0`.
WARNING: All log messages before absl::InitializeLog() is called are written to STDERR
I0000 00:00:1780839008.152087  171189 port.cc:153] oneDNN custom operations are on. You may see slightly different numerical results due to floating-point round-off errors from different computation orders. To turn them off, set the environment variable `TF_ENABLE_ONEDNN_OPTS=0`.
[transformers] PyTorch was not found. Models won't be available and only tokenizers, configuration and file/data utilities can be used.
Warning: You are sending unauthenticated requests to the HF Hub. Please set a HF_TOKEN to enable higher rate limits and faster downloads.
/root/anaconda3/envs/tensorflow-gpu/lib/python3.12/site-packages/keras/src/ops/nn.py:947: UserWarning: You are using a softmax over axis -1 of a tensor of shape (1, 16, 1, 1). This axis has size 1. The softmax operation will always return the value 1, which is likely not what you intended. Did you mean to use a sigmoid instead?
  warnings.warn(

🚀 [PID: 171189] Running Exp 5: GQA + RoPE (30 Layers) at Length 4096...
      Warming up GPU kernels (Eager execution)...
      Params: 382.04M | VRAM: 5544.87 MB | TTFT: 3.6786s | TPOT: 1.1864s
💤 Sleeping for 1 minute to stabilize thermals...
--> Initiating Exp 5: GQA + RoPE (30 Layers) at Length 512
WARNING: All log messages before absl::InitializeLog() is called are written to STDERR
I0000 00:00:1780839220.133471  173537 port.cc:153] oneDNN custom operations are on. You may see slightly different numerical results due to floating-point round-off errors from different computation orders. To turn them off, set the environment variable `TF_ENABLE_ONEDNN_OPTS=0`.
WARNING: All log messages before absl::InitializeLog() is called are written to STDERR
I0000 00:00:1780839222.690640  173537 port.cc:153] oneDNN custom operations are on. You may see slightly different numerical results due to floating-point round-off errors from different computation orders. To turn them off, set the environment variable `TF_ENABLE_ONEDNN_OPTS=0`.
[transformers] PyTorch was not found. Models won't be available and only tokenizers, configuration and file/data utilities can be used.
Warning: You are sending unauthenticated requests to the HF Hub. Please set a HF_TOKEN to enable higher rate limits and faster downloads.
/root/anaconda3/envs/tensorflow-gpu/lib/python3.12/site-packages/keras/src/ops/nn.py:947: UserWarning: You are using a softmax over axis -1 of a tensor of shape (1, 16, 1, 1). This axis has size 1. The softmax operation will always return the value 1, which is likely not what you intended. Did you mean to use a sigmoid instead?
  warnings.warn(

🚀 [PID: 173537] Running Exp 5: GQA + RoPE (30 Layers) at Length 512...
      Warming up GPU kernels (Eager execution)...
      Params: 382.04M | VRAM: 906.06 MB | TTFT: 1.3529s | TPOT: 1.2344s
💤 Sleeping for 1 minute to stabilize thermals...
--> Initiating Exp 2: GQA + RoPE (24 Layers) at Length 1024
WARNING: All log messages before absl::InitializeLog() is called are written to STDERR
I0000 00:00:1780839434.863707  175912 port.cc:153] oneDNN custom operations are on. You may see slightly different numerical results due to floating-point round-off errors from different computation orders. To turn them off, set the environment variable `TF_ENABLE_ONEDNN_OPTS=0`.
WARNING: All log messages before absl::InitializeLog() is called are written to STDERR
I0000 00:00:1780839437.465502  175912 port.cc:153] oneDNN custom operations are on. You may see slightly different numerical results due to floating-point round-off errors from different computation orders. To turn them off, set the environment variable `TF_ENABLE_ONEDNN_OPTS=0`.
[transformers] PyTorch was not found. Models won't be available and only tokenizers, configuration and file/data utilities can be used.
Warning: You are sending unauthenticated requests to the HF Hub. Please set a HF_TOKEN to enable higher rate limits and faster downloads.
/root/anaconda3/envs/tensorflow-gpu/lib/python3.12/site-packages/keras/src/ops/nn.py:947: UserWarning: You are using a softmax over axis -1 of a tensor of shape (1, 16, 1, 1). This axis has size 1. The softmax operation will always return the value 1, which is likely not what you intended. Did you mean to use a sigmoid instead?
  warnings.warn(

🚀 [PID: 175912] Running Exp 2: GQA + RoPE (24 Layers) at Length 1024...
      Warming up GPU kernels (Eager execution)...
      Params: 315.93M | VRAM: 924.72 MB | TTFT: 1.1641s | TPOT: 0.9593s
💤 Sleeping for 1 minute to stabilize thermals...
--> Initiating Exp 4: GQA + RoPE (28 Layers) at Length 1024
WARNING: All log messages before absl::InitializeLog() is called are written to STDERR
I0000 00:00:1780839619.651576  177973 port.cc:153] oneDNN custom operations are on. You may see slightly different numerical results due to floating-point round-off errors from different computation orders. To turn them off, set the environment variable `TF_ENABLE_ONEDNN_OPTS=0`.
WARNING: All log messages before absl::InitializeLog() is called are written to STDERR
I0000 00:00:1780839622.245454  177973 port.cc:153] oneDNN custom operations are on. You may see slightly different numerical results due to floating-point round-off errors from different computation orders. To turn them off, set the environment variable `TF_ENABLE_ONEDNN_OPTS=0`.
[transformers] PyTorch was not found. Models won't be available and only tokenizers, configuration and file/data utilities can be used.
Warning: You are sending unauthenticated requests to the HF Hub. Please set a HF_TOKEN to enable higher rate limits and faster downloads.
/root/anaconda3/envs/tensorflow-gpu/lib/python3.12/site-packages/keras/src/ops/nn.py:947: UserWarning: You are using a softmax over axis -1 of a tensor of shape (1, 16, 1, 1). This axis has size 1. The softmax operation will always return the value 1, which is likely not what you intended. Did you mean to use a sigmoid instead?
  warnings.warn(

🚀 [PID: 177973] Running Exp 4: GQA + RoPE (28 Layers) at Length 1024...
      Warming up GPU kernels (Eager execution)...
      Params: 360.00M | VRAM: 1012.79 MB | TTFT: 1.2643s | TPOT: 1.0978s
💤 Sleeping for 1 minute to stabilize thermals...
--> Initiating Exp 6: GTA + ALiBi (28 Layers) at Length 512
WARNING: All log messages before absl::InitializeLog() is called are written to STDERR
I0000 00:00:1780839820.279780  180170 port.cc:153] oneDNN custom operations are on. You may see slightly different numerical results due to floating-point round-off errors from different computation orders. To turn them off, set the environment variable `TF_ENABLE_ONEDNN_OPTS=0`.
WARNING: All log messages before absl::InitializeLog() is called are written to STDERR
I0000 00:00:1780839822.869670  180170 port.cc:153] oneDNN custom operations are on. You may see slightly different numerical results due to floating-point round-off errors from different computation orders. To turn them off, set the environment variable `TF_ENABLE_ONEDNN_OPTS=0`.
[transformers] PyTorch was not found. Models won't be available and only tokenizers, configuration and file/data utilities can be used.
Warning: You are sending unauthenticated requests to the HF Hub. Please set a HF_TOKEN to enable higher rate limits and faster downloads.
/root/anaconda3/envs/tensorflow-gpu/lib/python3.12/site-packages/keras/src/ops/nn.py:947: UserWarning: You are using a softmax over axis -1 of a tensor of shape (1, 16, 1, 1). This axis has size 1. The softmax operation will always return the value 1, which is likely not what you intended. Did you mean to use a sigmoid instead?
  warnings.warn(

🚀 [PID: 180170] Running Exp 6: GTA + ALiBi (28 Layers) at Length 512...
      Warming up GPU kernels (Eager execution)...
      Params: 374.68M | VRAM: 918.05 MB | TTFT: 0.7647s | TPOT: 0.8048s
💤 Sleeping for 1 minute to stabilize thermals...
--> Initiating Exp 6: GTA + ALiBi (28 Layers) at Length 2048
WARNING: All log messages before absl::InitializeLog() is called are written to STDERR
I0000 00:00:1780839986.700803  182057 port.cc:153] oneDNN custom operations are on. You may see slightly different numerical results due to floating-point round-off errors from different computation orders. To turn them off, set the environment variable `TF_ENABLE_ONEDNN_OPTS=0`.
WARNING: All log messages before absl::InitializeLog() is called are written to STDERR
I0000 00:00:1780839988.445561  182057 port.cc:153] oneDNN custom operations are on. You may see slightly different numerical results due to floating-point round-off errors from different computation orders. To turn them off, set the environment variable `TF_ENABLE_ONEDNN_OPTS=0`.
[transformers] PyTorch was not found. Models won't be available and only tokenizers, configuration and file/data utilities can be used.
Warning: You are sending unauthenticated requests to the HF Hub. Please set a HF_TOKEN to enable higher rate limits and faster downloads.
/root/anaconda3/envs/tensorflow-gpu/lib/python3.12/site-packages/keras/src/ops/nn.py:947: UserWarning: You are using a softmax over axis -1 of a tensor of shape (1, 16, 1, 1). This axis has size 1. The softmax operation will always return the value 1, which is likely not what you intended. Did you mean to use a sigmoid instead?
  warnings.warn(

🚀 [PID: 182057] Running Exp 6: GTA + ALiBi (28 Layers) at Length 2048...
      Warming up GPU kernels (Eager execution)...
      Params: 374.68M | VRAM: 2026.83 MB | TTFT: 1.1291s | TPOT: 0.8300s
💤 Sleeping for 1 minute to stabilize thermals...
--> Initiating Exp 5: GQA + RoPE (30 Layers) at Length 1024
WARNING: All log messages before absl::InitializeLog() is called are written to STDERR
I0000 00:00:1780840155.185578  183959 port.cc:153] oneDNN custom operations are on. You may see slightly different numerical results due to floating-point round-off errors from different computation orders. To turn them off, set the environment variable `TF_ENABLE_ONEDNN_OPTS=0`.
WARNING: All log messages before absl::InitializeLog() is called are written to STDERR
I0000 00:00:1780840157.782888  183959 port.cc:153] oneDNN custom operations are on. You may see slightly different numerical results due to floating-point round-off errors from different computation orders. To turn them off, set the environment variable `TF_ENABLE_ONEDNN_OPTS=0`.
[transformers] PyTorch was not found. Models won't be available and only tokenizers, configuration and file/data utilities can be used.
Warning: You are sending unauthenticated requests to the HF Hub. Please set a HF_TOKEN to enable higher rate limits and faster downloads.
/root/anaconda3/envs/tensorflow-gpu/lib/python3.12/site-packages/keras/src/ops/nn.py:947: UserWarning: You are using a softmax over axis -1 of a tensor of shape (1, 16, 1, 1). This axis has size 1. The softmax operation will always return the value 1, which is likely not what you intended. Did you mean to use a sigmoid instead?
  warnings.warn(

🚀 [PID: 183959] Running Exp 5: GQA + RoPE (30 Layers) at Length 1024...
      Warming up GPU kernels (Eager execution)...
      Params: 382.04M | VRAM: 1056.83 MB | TTFT: 1.2733s | TPOT: 1.1554s
💤 Sleeping for 1 minute to stabilize thermals...
--> Initiating Exp 3: GTA + ALiBi (24 Layers) at Length 4096
WARNING: All log messages before absl::InitializeLog() is called are written to STDERR
I0000 00:00:1780840363.225655  186241 port.cc:153] oneDNN custom operations are on. You may see slightly different numerical results due to floating-point round-off errors from different computation orders. To turn them off, set the environment variable `TF_ENABLE_ONEDNN_OPTS=0`.
WARNING: All log messages before absl::InitializeLog() is called are written to STDERR
I0000 00:00:1780840364.929212  186241 port.cc:153] oneDNN custom operations are on. You may see slightly different numerical results due to floating-point round-off errors from different computation orders. To turn them off, set the environment variable `TF_ENABLE_ONEDNN_OPTS=0`.
[transformers] PyTorch was not found. Models won't be available and only tokenizers, configuration and file/data utilities can be used.
/root/anaconda3/envs/tensorflow-gpu/lib/python3.12/site-packages/keras/src/ops/nn.py:947: UserWarning: You are using a softmax over axis -1 of a tensor of shape (1, 16, 1, 1). This axis has size 1. The softmax operation will always return the value 1, which is likely not what you intended. Did you mean to use a sigmoid instead?
  warnings.warn(

🚀 [PID: 186241] Running Exp 3: GTA + ALiBi (24 Layers) at Length 4096...
      Warming up GPU kernels (Eager execution)...
      Params: 328.51M | VRAM: 5586.78 MB | TTFT: 3.5725s | TPOT: 0.7211s
💤 Sleeping for 1 minute to stabilize thermals...
--> Initiating Exp 4: GQA + RoPE (28 Layers) at Length 2048
WARNING: All log messages before absl::InitializeLog() is called are written to STDERR
I0000 00:00:1780840523.951334  188073 port.cc:153] oneDNN custom operations are on. You may see slightly different numerical results due to floating-point round-off errors from different computation orders. To turn them off, set the environment variable `TF_ENABLE_ONEDNN_OPTS=0`.
WARNING: All log messages before absl::InitializeLog() is called are written to STDERR
I0000 00:00:1780840526.530730  188073 port.cc:153] oneDNN custom operations are on. You may see slightly different numerical results due to floating-point round-off errors from different computation orders. To turn them off, set the environment variable `TF_ENABLE_ONEDNN_OPTS=0`.
[transformers] PyTorch was not found. Models won't be available and only tokenizers, configuration and file/data utilities can be used.
Warning: You are sending unauthenticated requests to the HF Hub. Please set a HF_TOKEN to enable higher rate limits and faster downloads.
/root/anaconda3/envs/tensorflow-gpu/lib/python3.12/site-packages/keras/src/ops/nn.py:947: UserWarning: You are using a softmax over axis -1 of a tensor of shape (1, 16, 1, 1). This axis has size 1. The softmax operation will always return the value 1, which is likely not what you intended. Did you mean to use a sigmoid instead?
  warnings.warn(

🚀 [PID: 188073] Running Exp 4: GQA + RoPE (28 Layers) at Length 2048...
      Warming up GPU kernels (Eager execution)...
      Params: 360.00M | VRAM: 1922.81 MB | TTFT: 1.4448s | TPOT: 1.0655s
💤 Sleeping for 1 minute to stabilize thermals...
--> Initiating Exp 2: GQA + RoPE (24 Layers) at Length 512
WARNING: All log messages before absl::InitializeLog() is called are written to STDERR
I0000 00:00:1780840722.425220  190300 port.cc:153] oneDNN custom operations are on. You may see slightly different numerical results due to floating-point round-off errors from different computation orders. To turn them off, set the environment variable `TF_ENABLE_ONEDNN_OPTS=0`.
WARNING: All log messages before absl::InitializeLog() is called are written to STDERR
I0000 00:00:1780840726.089879  190300 port.cc:153] oneDNN custom operations are on. You may see slightly different numerical results due to floating-point round-off errors from different computation orders. To turn them off, set the environment variable `TF_ENABLE_ONEDNN_OPTS=0`.
[transformers] PyTorch was not found. Models won't be available and only tokenizers, configuration and file/data utilities can be used.
/root/anaconda3/envs/tensorflow-gpu/lib/python3.12/site-packages/keras/src/ops/nn.py:947: UserWarning: You are using a softmax over axis -1 of a tensor of shape (1, 16, 1, 1). This axis has size 1. The softmax operation will always return the value 1, which is likely not what you intended. Did you mean to use a sigmoid instead?
  warnings.warn(

🚀 [PID: 190300] Running Exp 2: GQA + RoPE (24 Layers) at Length 512...
      Warming up GPU kernels (Eager execution)...
      Params: 315.93M | VRAM: 773.95 MB | TTFT: 1.0512s | TPOT: 0.9952s
💤 Sleeping for 1 minute to stabilize thermals...
--> Initiating Exp 2: GQA + RoPE (24 Layers) at Length 2048
WARNING: All log messages before absl::InitializeLog() is called are written to STDERR
I0000 00:00:1780840913.750561  192435 port.cc:153] oneDNN custom operations are on. You may see slightly different numerical results due to floating-point round-off errors from different computation orders. To turn them off, set the environment variable `TF_ENABLE_ONEDNN_OPTS=0`.
WARNING: All log messages before absl::InitializeLog() is called are written to STDERR
I0000 00:00:1780840916.364850  192435 port.cc:153] oneDNN custom operations are on. You may see slightly different numerical results due to floating-point round-off errors from different computation orders. To turn them off, set the environment variable `TF_ENABLE_ONEDNN_OPTS=0`.
[transformers] PyTorch was not found. Models won't be available and only tokenizers, configuration and file/data utilities can be used.
Warning: You are sending unauthenticated requests to the HF Hub. Please set a HF_TOKEN to enable higher rate limits and faster downloads.
/root/anaconda3/envs/tensorflow-gpu/lib/python3.12/site-packages/keras/src/ops/nn.py:947: UserWarning: You are using a softmax over axis -1 of a tensor of shape (1, 16, 1, 1). This axis has size 1. The softmax operation will always return the value 1, which is likely not what you intended. Did you mean to use a sigmoid instead?
  warnings.warn(

🚀 [PID: 192435] Running Exp 2: GQA + RoPE (24 Layers) at Length 2048...
      Warming up GPU kernels (Eager execution)...
      Params: 315.93M | VRAM: 1830.73 MB | TTFT: 1.3405s | TPOT: 0.9707s
💤 Sleeping for 1 minute to stabilize thermals...
--> Initiating Exp 1: Vanilla MHA (24 Layers) at Length 512
WARNING: All log messages before absl::InitializeLog() is called are written to STDERR
I0000 00:00:1780841098.933527  194520 port.cc:153] oneDNN custom operations are on. You may see slightly different numerical results due to floating-point round-off errors from different computation orders. To turn them off, set the environment variable `TF_ENABLE_ONEDNN_OPTS=0`.
WARNING: All log messages before absl::InitializeLog() is called are written to STDERR
I0000 00:00:1780841101.521634  194520 port.cc:153] oneDNN custom operations are on. You may see slightly different numerical results due to floating-point round-off errors from different computation orders. To turn them off, set the environment variable `TF_ENABLE_ONEDNN_OPTS=0`.
[transformers] PyTorch was not found. Models won't be available and only tokenizers, configuration and file/data utilities can be used.
Warning: You are sending unauthenticated requests to the HF Hub. Please set a HF_TOKEN to enable higher rate limits and faster downloads.
/root/anaconda3/envs/tensorflow-gpu/lib/python3.12/site-packages/keras/src/ops/nn.py:947: UserWarning: You are using a softmax over axis -1 of a tensor of shape (1, 16, 1, 1). This axis has size 1. The softmax operation will always return the value 1, which is likely not what you intended. Did you mean to use a sigmoid instead?
  warnings.warn(

🚀 [PID: 194520] Running Exp 1: Vanilla MHA (24 Layers) at Length 512...
      Warming up GPU kernels (Eager execution)...
      Params: 354.30M | VRAM: 919.21 MB | TTFT: 0.7905s | TPOT: 0.6004s
💤 Sleeping for 1 minute to stabilize thermals...
--> Initiating Exp 3: GTA + ALiBi (24 Layers) at Length 512
WARNING: All log messages before absl::InitializeLog() is called are written to STDERR
I0000 00:00:1780841242.297118  196197 port.cc:153] oneDNN custom operations are on. You may see slightly different numerical results due to floating-point round-off errors from different computation orders. To turn them off, set the environment variable `TF_ENABLE_ONEDNN_OPTS=0`.
WARNING: All log messages before absl::InitializeLog() is called are written to STDERR
I0000 00:00:1780841244.842797  196197 port.cc:153] oneDNN custom operations are on. You may see slightly different numerical results due to floating-point round-off errors from different computation orders. To turn them off, set the environment variable `TF_ENABLE_ONEDNN_OPTS=0`.
[transformers] PyTorch was not found. Models won't be available and only tokenizers, configuration and file/data utilities can be used.
/root/anaconda3/envs/tensorflow-gpu/lib/python3.12/site-packages/keras/src/ops/nn.py:947: UserWarning: You are using a softmax over axis -1 of a tensor of shape (1, 16, 1, 1). This axis has size 1. The softmax operation will always return the value 1, which is likely not what you intended. Did you mean to use a sigmoid instead?
  warnings.warn(

🚀 [PID: 196197] Running Exp 3: GTA + ALiBi (24 Layers) at Length 512...
      Warming up GPU kernels (Eager execution)...
      Params: 328.51M | VRAM: 821.97 MB | TTFT: 0.7972s | TPOT: 0.6882s
💤 Sleeping for 1 minute to stabilize thermals...
--> Initiating Exp 1: Vanilla MHA (24 Layers) at Length 1024
WARNING: All log messages before absl::InitializeLog() is called are written to STDERR
I0000 00:00:1780841394.891281  197938 port.cc:153] oneDNN custom operations are on. You may see slightly different numerical results due to floating-point round-off errors from different computation orders. To turn them off, set the environment variable `TF_ENABLE_ONEDNN_OPTS=0`.
WARNING: All log messages before absl::InitializeLog() is called are written to STDERR
I0000 00:00:1780841397.468995  197938 port.cc:153] oneDNN custom operations are on. You may see slightly different numerical results due to floating-point round-off errors from different computation orders. To turn them off, set the environment variable `TF_ENABLE_ONEDNN_OPTS=0`.
[transformers] PyTorch was not found. Models won't be available and only tokenizers, configuration and file/data utilities can be used.
/root/anaconda3/envs/tensorflow-gpu/lib/python3.12/site-packages/keras/src/ops/nn.py:947: UserWarning: You are using a softmax over axis -1 of a tensor of shape (1, 16, 1, 1). This axis has size 1. The softmax operation will always return the value 1, which is likely not what you intended. Did you mean to use a sigmoid instead?
  warnings.warn(

🚀 [PID: 197938] Running Exp 1: Vanilla MHA (24 Layers) at Length 1024...
      Warming up GPU kernels (Eager execution)...
      Params: 354.83M | VRAM: 1072.99 MB | TTFT: 0.8742s | TPOT: 0.5789s
💤 Sleeping for 1 minute to stabilize thermals...
--> Initiating Exp 5: GQA + RoPE (30 Layers) at Length 2048
WARNING: All log messages before absl::InitializeLog() is called are written to STDERR
I0000 00:00:1780841536.974757  199606 port.cc:153] oneDNN custom operations are on. You may see slightly different numerical results due to floating-point round-off errors from different computation orders. To turn them off, set the environment variable `TF_ENABLE_ONEDNN_OPTS=0`.
WARNING: All log messages before absl::InitializeLog() is called are written to STDERR
I0000 00:00:1780841539.507470  199606 port.cc:153] oneDNN custom operations are on. You may see slightly different numerical results due to floating-point round-off errors from different computation orders. To turn them off, set the environment variable `TF_ENABLE_ONEDNN_OPTS=0`.
[transformers] PyTorch was not found. Models won't be available and only tokenizers, configuration and file/data utilities can be used.
/root/anaconda3/envs/tensorflow-gpu/lib/python3.12/site-packages/keras/src/ops/nn.py:947: UserWarning: You are using a softmax over axis -1 of a tensor of shape (1, 16, 1, 1). This axis has size 1. The softmax operation will always return the value 1, which is likely not what you intended. Did you mean to use a sigmoid instead?
  warnings.warn(

🚀 [PID: 199606] Running Exp 5: GQA + RoPE (30 Layers) at Length 2048...
      Warming up GPU kernels (Eager execution)...
      Params: 382.04M | VRAM: 1968.84 MB | TTFT: 1.4563s | TPOT: 1.1763s
💤 Sleeping for 1 minute to stabilize thermals...
--> Initiating Exp 1: Vanilla MHA (24 Layers) at Length 2048
WARNING: All log messages before absl::InitializeLog() is called are written to STDERR
I0000 00:00:1780841745.737579  201895 port.cc:153] oneDNN custom operations are on. You may see slightly different numerical results due to floating-point round-off errors from different computation orders. To turn them off, set the environment variable `TF_ENABLE_ONEDNN_OPTS=0`.
WARNING: All log messages before absl::InitializeLog() is called are written to STDERR
I0000 00:00:1780841748.337283  201895 port.cc:153] oneDNN custom operations are on. You may see slightly different numerical results due to floating-point round-off errors from different computation orders. To turn them off, set the environment variable `TF_ENABLE_ONEDNN_OPTS=0`.
[transformers] PyTorch was not found. Models won't be available and only tokenizers, configuration and file/data utilities can be used.
Warning: You are sending unauthenticated requests to the HF Hub. Please set a HF_TOKEN to enable higher rate limits and faster downloads.
/root/anaconda3/envs/tensorflow-gpu/lib/python3.12/site-packages/keras/src/ops/nn.py:947: UserWarning: You are using a softmax over axis -1 of a tensor of shape (1, 16, 1, 1). This axis has size 1. The softmax operation will always return the value 1, which is likely not what you intended. Did you mean to use a sigmoid instead?
  warnings.warn(

🚀 [PID: 201895] Running Exp 1: Vanilla MHA (24 Layers) at Length 2048...
      Warming up GPU kernels (Eager execution)...
      Params: 355.88M | VRAM: 2055.00 MB | TTFT: 0.8830s | TPOT: 0.5843s
💤 Sleeping for 1 minute to stabilize thermals...
--> Initiating Exp 2: GQA + RoPE (24 Layers) at Length 4096
WARNING: All log messages before absl::InitializeLog() is called are written to STDERR
I0000 00:00:1780841888.220963  203569 port.cc:153] oneDNN custom operations are on. You may see slightly different numerical results due to floating-point round-off errors from different computation orders. To turn them off, set the environment variable `TF_ENABLE_ONEDNN_OPTS=0`.
WARNING: All log messages before absl::InitializeLog() is called are written to STDERR
I0000 00:00:1780841890.776480  203569 port.cc:153] oneDNN custom operations are on. You may see slightly different numerical results due to floating-point round-off errors from different computation orders. To turn them off, set the environment variable `TF_ENABLE_ONEDNN_OPTS=0`.
[transformers] PyTorch was not found. Models won't be available and only tokenizers, configuration and file/data utilities can be used.
Warning: You are sending unauthenticated requests to the HF Hub. Please set a HF_TOKEN to enable higher rate limits and faster downloads.
/root/anaconda3/envs/tensorflow-gpu/lib/python3.12/site-packages/keras/src/ops/nn.py:947: UserWarning: You are using a softmax over axis -1 of a tensor of shape (1, 16, 1, 1). This axis has size 1. The softmax operation will always return the value 1, which is likely not what you intended. Did you mean to use a sigmoid instead?
  warnings.warn(

🚀 [PID: 203569] Running Exp 2: GQA + RoPE (24 Layers) at Length 4096...
      Warming up GPU kernels (Eager execution)...
      Params: 315.93M | VRAM: 5394.75 MB | TTFT: 2.9491s | TPOT: 0.9649s
💤 Sleeping for 1 minute to stabilize thermals...
==========================================
    STARTING RUN 5 OF 5
==========================================
--> Initiating Exp 5: GQA + RoPE (30 Layers) at Length 4096
WARNING: All log messages before absl::InitializeLog() is called are written to STDERR
I0000 00:00:1780842076.763530  205675 port.cc:153] oneDNN custom operations are on. You may see slightly different numerical results due to floating-point round-off errors from different computation orders. To turn them off, set the environment variable `TF_ENABLE_ONEDNN_OPTS=0`.
WARNING: All log messages before absl::InitializeLog() is called are written to STDERR
I0000 00:00:1780842078.298004  205675 port.cc:153] oneDNN custom operations are on. You may see slightly different numerical results due to floating-point round-off errors from different computation orders. To turn them off, set the environment variable `TF_ENABLE_ONEDNN_OPTS=0`.
[transformers] PyTorch was not found. Models won't be available and only tokenizers, configuration and file/data utilities can be used.
/root/anaconda3/envs/tensorflow-gpu/lib/python3.12/site-packages/keras/src/ops/nn.py:947: UserWarning: You are using a softmax over axis -1 of a tensor of shape (1, 16, 1, 1). This axis has size 1. The softmax operation will always return the value 1, which is likely not what you intended. Did you mean to use a sigmoid instead?
  warnings.warn(

🚀 [PID: 205675] Running Exp 5: GQA + RoPE (30 Layers) at Length 4096...
      Warming up GPU kernels (Eager execution)...
      Params: 382.04M | VRAM: 5544.87 MB | TTFT: 3.6047s | TPOT: 1.2758s
💤 Sleeping for 1 minute to stabilize thermals...
--> Initiating Exp 3: GTA + ALiBi (24 Layers) at Length 2048
WARNING: All log messages before absl::InitializeLog() is called are written to STDERR
I0000 00:00:1780842298.192924  208103 port.cc:153] oneDNN custom operations are on. You may see slightly different numerical results due to floating-point round-off errors from different computation orders. To turn them off, set the environment variable `TF_ENABLE_ONEDNN_OPTS=0`.
WARNING: All log messages before absl::InitializeLog() is called are written to STDERR
I0000 00:00:1780842300.801178  208103 port.cc:153] oneDNN custom operations are on. You may see slightly different numerical results due to floating-point round-off errors from different computation orders. To turn them off, set the environment variable `TF_ENABLE_ONEDNN_OPTS=0`.
[transformers] PyTorch was not found. Models won't be available and only tokenizers, configuration and file/data utilities can be used.
Warning: You are sending unauthenticated requests to the HF Hub. Please set a HF_TOKEN to enable higher rate limits and faster downloads.
/root/anaconda3/envs/tensorflow-gpu/lib/python3.12/site-packages/keras/src/ops/nn.py:947: UserWarning: You are using a softmax over axis -1 of a tensor of shape (1, 16, 1, 1). This axis has size 1. The softmax operation will always return the value 1, which is likely not what you intended. Did you mean to use a sigmoid instead?
  warnings.warn(

🚀 [PID: 208103] Running Exp 3: GTA + ALiBi (24 Layers) at Length 2048...
      Warming up GPU kernels (Eager execution)...
      Params: 328.51M | VRAM: 1922.75 MB | TTFT: 0.9860s | TPOT: 0.7001s
💤 Sleeping for 1 minute to stabilize thermals...
--> Initiating Exp 6: GTA + ALiBi (28 Layers) at Length 4096
WARNING: All log messages before absl::InitializeLog() is called are written to STDERR
I0000 00:00:1780842451.684178  209853 port.cc:153] oneDNN custom operations are on. You may see slightly different numerical results due to floating-point round-off errors from different computation orders. To turn them off, set the environment variable `TF_ENABLE_ONEDNN_OPTS=0`.
WARNING: All log messages before absl::InitializeLog() is called are written to STDERR
I0000 00:00:1780842454.215114  209853 port.cc:153] oneDNN custom operations are on. You may see slightly different numerical results due to floating-point round-off errors from different computation orders. To turn them off, set the environment variable `TF_ENABLE_ONEDNN_OPTS=0`.
[transformers] PyTorch was not found. Models won't be available and only tokenizers, configuration and file/data utilities can be used.
Warning: You are sending unauthenticated requests to the HF Hub. Please set a HF_TOKEN to enable higher rate limits and faster downloads.
/root/anaconda3/envs/tensorflow-gpu/lib/python3.12/site-packages/keras/src/ops/nn.py:947: UserWarning: You are using a softmax over axis -1 of a tensor of shape (1, 16, 1, 1). This axis has size 1. The softmax operation will always return the value 1, which is likely not what you intended. Did you mean to use a sigmoid instead?
  warnings.warn(

🚀 [PID: 209853] Running Exp 6: GTA + ALiBi (28 Layers) at Length 4096...
      Warming up GPU kernels (Eager execution)...
      Params: 374.68M | VRAM: 5706.85 MB | TTFT: 4.6003s | TPOT: 0.8238s
💤 Sleeping for 1 minute to stabilize thermals...
--> Initiating Exp 3: GTA + ALiBi (24 Layers) at Length 1024
WARNING: All log messages before absl::InitializeLog() is called are written to STDERR
I0000 00:00:1780842625.236472  211806 port.cc:153] oneDNN custom operations are on. You may see slightly different numerical results due to floating-point round-off errors from different computation orders. To turn them off, set the environment variable `TF_ENABLE_ONEDNN_OPTS=0`.
WARNING: All log messages before absl::InitializeLog() is called are written to STDERR
I0000 00:00:1780842627.917023  211806 port.cc:153] oneDNN custom operations are on. You may see slightly different numerical results due to floating-point round-off errors from different computation orders. To turn them off, set the environment variable `TF_ENABLE_ONEDNN_OPTS=0`.
[transformers] PyTorch was not found. Models won't be available and only tokenizers, configuration and file/data utilities can be used.
Warning: You are sending unauthenticated requests to the HF Hub. Please set a HF_TOKEN to enable higher rate limits and faster downloads.
/root/anaconda3/envs/tensorflow-gpu/lib/python3.12/site-packages/keras/src/ops/nn.py:947: UserWarning: You are using a softmax over axis -1 of a tensor of shape (1, 16, 1, 1). This axis has size 1. The softmax operation will always return the value 1, which is likely not what you intended. Did you mean to use a sigmoid instead?
  warnings.warn(

🚀 [PID: 211806] Running Exp 3: GTA + ALiBi (24 Layers) at Length 1024...
      Warming up GPU kernels (Eager execution)...
      Params: 328.51M | VRAM: 978.74 MB | TTFT: 1.1255s | TPOT: 0.7192s
💤 Sleeping for 1 minute to stabilize thermals...
--> Initiating Exp 2: GQA + RoPE (24 Layers) at Length 4096
WARNING: All log messages before absl::InitializeLog() is called are written to STDERR
I0000 00:00:1780842780.704654  213592 port.cc:153] oneDNN custom operations are on. You may see slightly different numerical results due to floating-point round-off errors from different computation orders. To turn them off, set the environment variable `TF_ENABLE_ONEDNN_OPTS=0`.
WARNING: All log messages before absl::InitializeLog() is called are written to STDERR
I0000 00:00:1780842783.337786  213592 port.cc:153] oneDNN custom operations are on. You may see slightly different numerical results due to floating-point round-off errors from different computation orders. To turn them off, set the environment variable `TF_ENABLE_ONEDNN_OPTS=0`.
[transformers] PyTorch was not found. Models won't be available and only tokenizers, configuration and file/data utilities can be used.
Warning: You are sending unauthenticated requests to the HF Hub. Please set a HF_TOKEN to enable higher rate limits and faster downloads.
/root/anaconda3/envs/tensorflow-gpu/lib/python3.12/site-packages/keras/src/ops/nn.py:947: UserWarning: You are using a softmax over axis -1 of a tensor of shape (1, 16, 1, 1). This axis has size 1. The softmax operation will always return the value 1, which is likely not what you intended. Did you mean to use a sigmoid instead?
  warnings.warn(

🚀 [PID: 213592] Running Exp 2: GQA + RoPE (24 Layers) at Length 4096...
      Warming up GPU kernels (Eager execution)...
      Params: 315.93M | VRAM: 5394.75 MB | TTFT: 2.9147s | TPOT: 0.9656s
💤 Sleeping for 1 minute to stabilize thermals...
--> Initiating Exp 2: GQA + RoPE (24 Layers) at Length 512
WARNING: All log messages before absl::InitializeLog() is called are written to STDERR
I0000 00:00:1780842968.815760  215708 port.cc:153] oneDNN custom operations are on. You may see slightly different numerical results due to floating-point round-off errors from different computation orders. To turn them off, set the environment variable `TF_ENABLE_ONEDNN_OPTS=0`.
WARNING: All log messages before absl::InitializeLog() is called are written to STDERR
I0000 00:00:1780842971.401549  215708 port.cc:153] oneDNN custom operations are on. You may see slightly different numerical results due to floating-point round-off errors from different computation orders. To turn them off, set the environment variable `TF_ENABLE_ONEDNN_OPTS=0`.
[transformers] PyTorch was not found. Models won't be available and only tokenizers, configuration and file/data utilities can be used.
Warning: You are sending unauthenticated requests to the HF Hub. Please set a HF_TOKEN to enable higher rate limits and faster downloads.
/root/anaconda3/envs/tensorflow-gpu/lib/python3.12/site-packages/keras/src/ops/nn.py:947: UserWarning: You are using a softmax over axis -1 of a tensor of shape (1, 16, 1, 1). This axis has size 1. The softmax operation will always return the value 1, which is likely not what you intended. Did you mean to use a sigmoid instead?
  warnings.warn(

🚀 [PID: 215708] Running Exp 2: GQA + RoPE (24 Layers) at Length 512...
      Warming up GPU kernels (Eager execution)...
      Params: 315.93M | VRAM: 773.95 MB | TTFT: 1.0288s | TPOT: 0.9310s
💤 Sleeping for 1 minute to stabilize thermals...
--> Initiating Exp 1: Vanilla MHA (24 Layers) at Length 512
WARNING: All log messages before absl::InitializeLog() is called are written to STDERR
I0000 00:00:1780843149.279879  217766 port.cc:153] oneDNN custom operations are on. You may see slightly different numerical results due to floating-point round-off errors from different computation orders. To turn them off, set the environment variable `TF_ENABLE_ONEDNN_OPTS=0`.
WARNING: All log messages before absl::InitializeLog() is called are written to STDERR
I0000 00:00:1780843151.247244  217766 port.cc:153] oneDNN custom operations are on. You may see slightly different numerical results due to floating-point round-off errors from different computation orders. To turn them off, set the environment variable `TF_ENABLE_ONEDNN_OPTS=0`.
[transformers] PyTorch was not found. Models won't be available and only tokenizers, configuration and file/data utilities can be used.
Warning: You are sending unauthenticated requests to the HF Hub. Please set a HF_TOKEN to enable higher rate limits and faster downloads.
/root/anaconda3/envs/tensorflow-gpu/lib/python3.12/site-packages/keras/src/ops/nn.py:947: UserWarning: You are using a softmax over axis -1 of a tensor of shape (1, 16, 1, 1). This axis has size 1. The softmax operation will always return the value 1, which is likely not what you intended. Did you mean to use a sigmoid instead?
  warnings.warn(

🚀 [PID: 217766] Running Exp 1: Vanilla MHA (24 Layers) at Length 512...
      Warming up GPU kernels (Eager execution)...
      Params: 354.30M | VRAM: 919.21 MB | TTFT: 0.6915s | TPOT: 0.6112s
💤 Sleeping for 1 minute to stabilize thermals...
--> Initiating Exp 5: GQA + RoPE (30 Layers) at Length 2048
WARNING: All log messages before absl::InitializeLog() is called are written to STDERR
I0000 00:00:1780843293.859541  219432 port.cc:153] oneDNN custom operations are on. You may see slightly different numerical results due to floating-point round-off errors from different computation orders. To turn them off, set the environment variable `TF_ENABLE_ONEDNN_OPTS=0`.
WARNING: All log messages before absl::InitializeLog() is called are written to STDERR
I0000 00:00:1780843295.267791  219432 port.cc:153] oneDNN custom operations are on. You may see slightly different numerical results due to floating-point round-off errors from different computation orders. To turn them off, set the environment variable `TF_ENABLE_ONEDNN_OPTS=0`.
[transformers] PyTorch was not found. Models won't be available and only tokenizers, configuration and file/data utilities can be used.
Warning: You are sending unauthenticated requests to the HF Hub. Please set a HF_TOKEN to enable higher rate limits and faster downloads.
/root/anaconda3/envs/tensorflow-gpu/lib/python3.12/site-packages/keras/src/ops/nn.py:947: UserWarning: You are using a softmax over axis -1 of a tensor of shape (1, 16, 1, 1). This axis has size 1. The softmax operation will always return the value 1, which is likely not what you intended. Did you mean to use a sigmoid instead?
  warnings.warn(

🚀 [PID: 219432] Running Exp 5: GQA + RoPE (30 Layers) at Length 2048...
      Warming up GPU kernels (Eager execution)...
      Params: 382.04M | VRAM: 1968.84 MB | TTFT: 1.5003s | TPOT: 1.1879s
💤 Sleeping for 1 minute to stabilize thermals...
--> Initiating Exp 6: GTA + ALiBi (28 Layers) at Length 512
WARNING: All log messages before absl::InitializeLog() is called are written to STDERR
I0000 00:00:1780843502.100321  221755 port.cc:153] oneDNN custom operations are on. You may see slightly different numerical results due to floating-point round-off errors from different computation orders. To turn them off, set the environment variable `TF_ENABLE_ONEDNN_OPTS=0`.
WARNING: All log messages before absl::InitializeLog() is called are written to STDERR
I0000 00:00:1780843504.761142  221755 port.cc:153] oneDNN custom operations are on. You may see slightly different numerical results due to floating-point round-off errors from different computation orders. To turn them off, set the environment variable `TF_ENABLE_ONEDNN_OPTS=0`.
[transformers] PyTorch was not found. Models won't be available and only tokenizers, configuration and file/data utilities can be used.
Warning: You are sending unauthenticated requests to the HF Hub. Please set a HF_TOKEN to enable higher rate limits and faster downloads.
/root/anaconda3/envs/tensorflow-gpu/lib/python3.12/site-packages/keras/src/ops/nn.py:947: UserWarning: You are using a softmax over axis -1 of a tensor of shape (1, 16, 1, 1). This axis has size 1. The softmax operation will always return the value 1, which is likely not what you intended. Did you mean to use a sigmoid instead?
  warnings.warn(

🚀 [PID: 221755] Running Exp 6: GTA + ALiBi (28 Layers) at Length 512...
      Warming up GPU kernels (Eager execution)...
      Params: 374.68M | VRAM: 918.05 MB | TTFT: 0.8398s | TPOT: 0.7528s
💤 Sleeping for 1 minute to stabilize thermals...
--> Initiating Exp 2: GQA + RoPE (24 Layers) at Length 2048
WARNING: All log messages before absl::InitializeLog() is called are written to STDERR
I0000 00:00:1780843662.094848  223554 port.cc:153] oneDNN custom operations are on. You may see slightly different numerical results due to floating-point round-off errors from different computation orders. To turn them off, set the environment variable `TF_ENABLE_ONEDNN_OPTS=0`.
WARNING: All log messages before absl::InitializeLog() is called are written to STDERR
I0000 00:00:1780843664.665300  223554 port.cc:153] oneDNN custom operations are on. You may see slightly different numerical results due to floating-point round-off errors from different computation orders. To turn them off, set the environment variable `TF_ENABLE_ONEDNN_OPTS=0`.
[transformers] PyTorch was not found. Models won't be available and only tokenizers, configuration and file/data utilities can be used.
Warning: You are sending unauthenticated requests to the HF Hub. Please set a HF_TOKEN to enable higher rate limits and faster downloads.
/root/anaconda3/envs/tensorflow-gpu/lib/python3.12/site-packages/keras/src/ops/nn.py:947: UserWarning: You are using a softmax over axis -1 of a tensor of shape (1, 16, 1, 1). This axis has size 1. The softmax operation will always return the value 1, which is likely not what you intended. Did you mean to use a sigmoid instead?
  warnings.warn(

🚀 [PID: 223554] Running Exp 2: GQA + RoPE (24 Layers) at Length 2048...
      Warming up GPU kernels (Eager execution)...
      Params: 315.93M | VRAM: 1830.73 MB | TTFT: 1.1495s | TPOT: 0.9495s
💤 Sleeping for 1 minute to stabilize thermals...
--> Initiating Exp 4: GQA + RoPE (28 Layers) at Length 1024
WARNING: All log messages before absl::InitializeLog() is called are written to STDERR
I0000 00:00:1780843844.095233  225637 port.cc:153] oneDNN custom operations are on. You may see slightly different numerical results due to floating-point round-off errors from different computation orders. To turn them off, set the environment variable `TF_ENABLE_ONEDNN_OPTS=0`.
WARNING: All log messages before absl::InitializeLog() is called are written to STDERR
I0000 00:00:1780843846.777541  225637 port.cc:153] oneDNN custom operations are on. You may see slightly different numerical results due to floating-point round-off errors from different computation orders. To turn them off, set the environment variable `TF_ENABLE_ONEDNN_OPTS=0`.
[transformers] PyTorch was not found. Models won't be available and only tokenizers, configuration and file/data utilities can be used.
/root/anaconda3/envs/tensorflow-gpu/lib/python3.12/site-packages/keras/src/ops/nn.py:947: UserWarning: You are using a softmax over axis -1 of a tensor of shape (1, 16, 1, 1). This axis has size 1. The softmax operation will always return the value 1, which is likely not what you intended. Did you mean to use a sigmoid instead?
  warnings.warn(

🚀 [PID: 225637] Running Exp 4: GQA + RoPE (28 Layers) at Length 1024...
      Warming up GPU kernels (Eager execution)...
      Params: 360.00M | VRAM: 1012.79 MB | TTFT: 1.2070s | TPOT: 1.1363s
💤 Sleeping for 1 minute to stabilize thermals...
--> Initiating Exp 3: GTA + ALiBi (24 Layers) at Length 4096
WARNING: All log messages before absl::InitializeLog() is called are written to STDERR
I0000 00:00:1780844047.292889  227914 port.cc:153] oneDNN custom operations are on. You may see slightly different numerical results due to floating-point round-off errors from different computation orders. To turn them off, set the environment variable `TF_ENABLE_ONEDNN_OPTS=0`.
WARNING: All log messages before absl::InitializeLog() is called are written to STDERR
I0000 00:00:1780844050.917523  227914 port.cc:153] oneDNN custom operations are on. You may see slightly different numerical results due to floating-point round-off errors from different computation orders. To turn them off, set the environment variable `TF_ENABLE_ONEDNN_OPTS=0`.
[transformers] PyTorch was not found. Models won't be available and only tokenizers, configuration and file/data utilities can be used.
Warning: You are sending unauthenticated requests to the HF Hub. Please set a HF_TOKEN to enable higher rate limits and faster downloads.
/root/anaconda3/envs/tensorflow-gpu/lib/python3.12/site-packages/keras/src/ops/nn.py:947: UserWarning: You are using a softmax over axis -1 of a tensor of shape (1, 16, 1, 1). This axis has size 1. The softmax operation will always return the value 1, which is likely not what you intended. Did you mean to use a sigmoid instead?
  warnings.warn(

🚀 [PID: 227914] Running Exp 3: GTA + ALiBi (24 Layers) at Length 4096...
      Warming up GPU kernels (Eager execution)...
      Params: 328.51M | VRAM: 5586.78 MB | TTFT: 3.6318s | TPOT: 0.7175s
💤 Sleeping for 1 minute to stabilize thermals...
--> Initiating Exp 3: GTA + ALiBi (24 Layers) at Length 512
WARNING: All log messages before absl::InitializeLog() is called are written to STDERR
I0000 00:00:1780844211.696411  229791 port.cc:153] oneDNN custom operations are on. You may see slightly different numerical results due to floating-point round-off errors from different computation orders. To turn them off, set the environment variable `TF_ENABLE_ONEDNN_OPTS=0`.
WARNING: All log messages before absl::InitializeLog() is called are written to STDERR
I0000 00:00:1780844214.365787  229791 port.cc:153] oneDNN custom operations are on. You may see slightly different numerical results due to floating-point round-off errors from different computation orders. To turn them off, set the environment variable `TF_ENABLE_ONEDNN_OPTS=0`.
[transformers] PyTorch was not found. Models won't be available and only tokenizers, configuration and file/data utilities can be used.
Warning: You are sending unauthenticated requests to the HF Hub. Please set a HF_TOKEN to enable higher rate limits and faster downloads.
/root/anaconda3/envs/tensorflow-gpu/lib/python3.12/site-packages/keras/src/ops/nn.py:947: UserWarning: You are using a softmax over axis -1 of a tensor of shape (1, 16, 1, 1). This axis has size 1. The softmax operation will always return the value 1, which is likely not what you intended. Did you mean to use a sigmoid instead?
  warnings.warn(

🚀 [PID: 229791] Running Exp 3: GTA + ALiBi (24 Layers) at Length 512...
      Warming up GPU kernels (Eager execution)...
      Params: 328.51M | VRAM: 821.97 MB | TTFT: 0.7504s | TPOT: 0.7086s
💤 Sleeping for 1 minute to stabilize thermals...
--> Initiating Exp 1: Vanilla MHA (24 Layers) at Length 1024
WARNING: All log messages before absl::InitializeLog() is called are written to STDERR
I0000 00:00:1780844364.339761  231567 port.cc:153] oneDNN custom operations are on. You may see slightly different numerical results due to floating-point round-off errors from different computation orders. To turn them off, set the environment variable `TF_ENABLE_ONEDNN_OPTS=0`.
WARNING: All log messages before absl::InitializeLog() is called are written to STDERR
I0000 00:00:1780844366.940730  231567 port.cc:153] oneDNN custom operations are on. You may see slightly different numerical results due to floating-point round-off errors from different computation orders. To turn them off, set the environment variable `TF_ENABLE_ONEDNN_OPTS=0`.
[transformers] PyTorch was not found. Models won't be available and only tokenizers, configuration and file/data utilities can be used.
Warning: You are sending unauthenticated requests to the HF Hub. Please set a HF_TOKEN to enable higher rate limits and faster downloads.
/root/anaconda3/envs/tensorflow-gpu/lib/python3.12/site-packages/keras/src/ops/nn.py:947: UserWarning: You are using a softmax over axis -1 of a tensor of shape (1, 16, 1, 1). This axis has size 1. The softmax operation will always return the value 1, which is likely not what you intended. Did you mean to use a sigmoid instead?
  warnings.warn(

🚀 [PID: 231567] Running Exp 1: Vanilla MHA (24 Layers) at Length 1024...
      Warming up GPU kernels (Eager execution)...
      Params: 354.83M | VRAM: 1072.99 MB | TTFT: 0.7260s | TPOT: 0.6239s
💤 Sleeping for 1 minute to stabilize thermals...
--> Initiating Exp 4: GQA + RoPE (28 Layers) at Length 2048
WARNING: All log messages before absl::InitializeLog() is called are written to STDERR
I0000 00:00:1780844511.218168  233265 port.cc:153] oneDNN custom operations are on. You may see slightly different numerical results due to floating-point round-off errors from different computation orders. To turn them off, set the environment variable `TF_ENABLE_ONEDNN_OPTS=0`.
WARNING: All log messages before absl::InitializeLog() is called are written to STDERR
I0000 00:00:1780844513.884799  233265 port.cc:153] oneDNN custom operations are on. You may see slightly different numerical results due to floating-point round-off errors from different computation orders. To turn them off, set the environment variable `TF_ENABLE_ONEDNN_OPTS=0`.
[transformers] PyTorch was not found. Models won't be available and only tokenizers, configuration and file/data utilities can be used.
Warning: You are sending unauthenticated requests to the HF Hub. Please set a HF_TOKEN to enable higher rate limits and faster downloads.
/root/anaconda3/envs/tensorflow-gpu/lib/python3.12/site-packages/keras/src/ops/nn.py:947: UserWarning: You are using a softmax over axis -1 of a tensor of shape (1, 16, 1, 1). This axis has size 1. The softmax operation will always return the value 1, which is likely not what you intended. Did you mean to use a sigmoid instead?
  warnings.warn(

🚀 [PID: 233265] Running Exp 4: GQA + RoPE (28 Layers) at Length 2048...
      Warming up GPU kernels (Eager execution)...
      Params: 360.00M | VRAM: 1922.81 MB | TTFT: 1.4962s | TPOT: 1.1234s
💤 Sleeping for 1 minute to stabilize thermals...
--> Initiating Exp 1: Vanilla MHA (24 Layers) at Length 4096
WARNING: All log messages before absl::InitializeLog() is called are written to STDERR
I0000 00:00:1780844712.527626  235522 port.cc:153] oneDNN custom operations are on. You may see slightly different numerical results due to floating-point round-off errors from different computation orders. To turn them off, set the environment variable `TF_ENABLE_ONEDNN_OPTS=0`.
WARNING: All log messages before absl::InitializeLog() is called are written to STDERR
I0000 00:00:1780844715.154161  235522 port.cc:153] oneDNN custom operations are on. You may see slightly different numerical results due to floating-point round-off errors from different computation orders. To turn them off, set the environment variable `TF_ENABLE_ONEDNN_OPTS=0`.
[transformers] PyTorch was not found. Models won't be available and only tokenizers, configuration and file/data utilities can be used.
Warning: You are sending unauthenticated requests to the HF Hub. Please set a HF_TOKEN to enable higher rate limits and faster downloads.
/root/anaconda3/envs/tensorflow-gpu/lib/python3.12/site-packages/keras/src/ops/nn.py:947: UserWarning: You are using a softmax over axis -1 of a tensor of shape (1, 16, 1, 1). This axis has size 1. The softmax operation will always return the value 1, which is likely not what you intended. Did you mean to use a sigmoid instead?
  warnings.warn(

🚀 [PID: 235522] Running Exp 1: Vanilla MHA (24 Layers) at Length 4096...
      Warming up GPU kernels (Eager execution)...
      Params: 357.97M | VRAM: 5771.03 MB | TTFT: 2.6511s | TPOT: 0.5959s
💤 Sleeping for 1 minute to stabilize thermals...
--> Initiating Exp 5: GQA + RoPE (30 Layers) at Length 512
WARNING: All log messages before absl::InitializeLog() is called are written to STDERR
I0000 00:00:1780844858.597243  237216 port.cc:153] oneDNN custom operations are on. You may see slightly different numerical results due to floating-point round-off errors from different computation orders. To turn them off, set the environment variable `TF_ENABLE_ONEDNN_OPTS=0`.
WARNING: All log messages before absl::InitializeLog() is called are written to STDERR
I0000 00:00:1780844861.176082  237216 port.cc:153] oneDNN custom operations are on. You may see slightly different numerical results due to floating-point round-off errors from different computation orders. To turn them off, set the environment variable `TF_ENABLE_ONEDNN_OPTS=0`.
[transformers] PyTorch was not found. Models won't be available and only tokenizers, configuration and file/data utilities can be used.
Warning: You are sending unauthenticated requests to the HF Hub. Please set a HF_TOKEN to enable higher rate limits and faster downloads.
/root/anaconda3/envs/tensorflow-gpu/lib/python3.12/site-packages/keras/src/ops/nn.py:947: UserWarning: You are using a softmax over axis -1 of a tensor of shape (1, 16, 1, 1). This axis has size 1. The softmax operation will always return the value 1, which is likely not what you intended. Did you mean to use a sigmoid instead?
  warnings.warn(

🚀 [PID: 237216] Running Exp 5: GQA + RoPE (30 Layers) at Length 512...
      Warming up GPU kernels (Eager execution)...
      Params: 382.04M | VRAM: 906.06 MB | TTFT: 1.3658s | TPOT: 1.1645s
💤 Sleeping for 1 minute to stabilize thermals...
--> Initiating Exp 6: GTA + ALiBi (28 Layers) at Length 1024
WARNING: All log messages before absl::InitializeLog() is called are written to STDERR
I0000 00:00:1780845065.418624  239516 port.cc:153] oneDNN custom operations are on. You may see slightly different numerical results due to floating-point round-off errors from different computation orders. To turn them off, set the environment variable `TF_ENABLE_ONEDNN_OPTS=0`.
WARNING: All log messages before absl::InitializeLog() is called are written to STDERR
I0000 00:00:1780845068.077431  239516 port.cc:153] oneDNN custom operations are on. You may see slightly different numerical results due to floating-point round-off errors from different computation orders. To turn them off, set the environment variable `TF_ENABLE_ONEDNN_OPTS=0`.
[transformers] PyTorch was not found. Models won't be available and only tokenizers, configuration and file/data utilities can be used.
Warning: You are sending unauthenticated requests to the HF Hub. Please set a HF_TOKEN to enable higher rate limits and faster downloads.
/root/anaconda3/envs/tensorflow-gpu/lib/python3.12/site-packages/keras/src/ops/nn.py:947: UserWarning: You are using a softmax over axis -1 of a tensor of shape (1, 16, 1, 1). This axis has size 1. The softmax operation will always return the value 1, which is likely not what you intended. Did you mean to use a sigmoid instead?
  warnings.warn(

🚀 [PID: 239516] Running Exp 6: GTA + ALiBi (28 Layers) at Length 1024...
      Warming up GPU kernels (Eager execution)...
      Params: 374.68M | VRAM: 1074.82 MB | TTFT: 0.7850s | TPOT: 0.7939s
💤 Sleeping for 1 minute to stabilize thermals...
--> Initiating Exp 5: GQA + RoPE (30 Layers) at Length 1024
WARNING: All log messages before absl::InitializeLog() is called are written to STDERR
I0000 00:00:1780845227.643699  241383 port.cc:153] oneDNN custom operations are on. You may see slightly different numerical results due to floating-point round-off errors from different computation orders. To turn them off, set the environment variable `TF_ENABLE_ONEDNN_OPTS=0`.
WARNING: All log messages before absl::InitializeLog() is called are written to STDERR
I0000 00:00:1780845230.232809  241383 port.cc:153] oneDNN custom operations are on. You may see slightly different numerical results due to floating-point round-off errors from different computation orders. To turn them off, set the environment variable `TF_ENABLE_ONEDNN_OPTS=0`.
[transformers] PyTorch was not found. Models won't be available and only tokenizers, configuration and file/data utilities can be used.
Warning: You are sending unauthenticated requests to the HF Hub. Please set a HF_TOKEN to enable higher rate limits and faster downloads.
/root/anaconda3/envs/tensorflow-gpu/lib/python3.12/site-packages/keras/src/ops/nn.py:947: UserWarning: You are using a softmax over axis -1 of a tensor of shape (1, 16, 1, 1). This axis has size 1. The softmax operation will always return the value 1, which is likely not what you intended. Did you mean to use a sigmoid instead?
  warnings.warn(

🚀 [PID: 241383] Running Exp 5: GQA + RoPE (30 Layers) at Length 1024...
      Warming up GPU kernels (Eager execution)...
      Params: 382.04M | VRAM: 1056.83 MB | TTFT: 1.5265s | TPOT: 1.1648s
💤 Sleeping for 1 minute to stabilize thermals...
--> Initiating Exp 2: GQA + RoPE (24 Layers) at Length 1024
WARNING: All log messages before absl::InitializeLog() is called are written to STDERR
I0000 00:00:1780845434.446542  243645 port.cc:153] oneDNN custom operations are on. You may see slightly different numerical results due to floating-point round-off errors from different computation orders. To turn them off, set the environment variable `TF_ENABLE_ONEDNN_OPTS=0`.
WARNING: All log messages before absl::InitializeLog() is called are written to STDERR
I0000 00:00:1780845437.124505  243645 port.cc:153] oneDNN custom operations are on. You may see slightly different numerical results due to floating-point round-off errors from different computation orders. To turn them off, set the environment variable `TF_ENABLE_ONEDNN_OPTS=0`.
[transformers] PyTorch was not found. Models won't be available and only tokenizers, configuration and file/data utilities can be used.
Warning: You are sending unauthenticated requests to the HF Hub. Please set a HF_TOKEN to enable higher rate limits and faster downloads.
/root/anaconda3/envs/tensorflow-gpu/lib/python3.12/site-packages/keras/src/ops/nn.py:947: UserWarning: You are using a softmax over axis -1 of a tensor of shape (1, 16, 1, 1). This axis has size 1. The softmax operation will always return the value 1, which is likely not what you intended. Did you mean to use a sigmoid instead?
  warnings.warn(

🚀 [PID: 243645] Running Exp 2: GQA + RoPE (24 Layers) at Length 1024...
      Warming up GPU kernels (Eager execution)...
      Params: 315.93M | VRAM: 924.72 MB | TTFT: 1.1094s | TPOT: 0.9923s
💤 Sleeping for 1 minute to stabilize thermals...
--> Initiating Exp 6: GTA + ALiBi (28 Layers) at Length 2048
WARNING: All log messages before absl::InitializeLog() is called are written to STDERR
I0000 00:00:1780845620.817563  245748 port.cc:153] oneDNN custom operations are on. You may see slightly different numerical results due to floating-point round-off errors from different computation orders. To turn them off, set the environment variable `TF_ENABLE_ONEDNN_OPTS=0`.
WARNING: All log messages before absl::InitializeLog() is called are written to STDERR
I0000 00:00:1780845623.444327  245748 port.cc:153] oneDNN custom operations are on. You may see slightly different numerical results due to floating-point round-off errors from different computation orders. To turn them off, set the environment variable `TF_ENABLE_ONEDNN_OPTS=0`.
[transformers] PyTorch was not found. Models won't be available and only tokenizers, configuration and file/data utilities can be used.
Warning: You are sending unauthenticated requests to the HF Hub. Please set a HF_TOKEN to enable higher rate limits and faster downloads.
/root/anaconda3/envs/tensorflow-gpu/lib/python3.12/site-packages/keras/src/ops/nn.py:947: UserWarning: You are using a softmax over axis -1 of a tensor of shape (1, 16, 1, 1). This axis has size 1. The softmax operation will always return the value 1, which is likely not what you intended. Did you mean to use a sigmoid instead?
  warnings.warn(

🚀 [PID: 245748] Running Exp 6: GTA + ALiBi (28 Layers) at Length 2048...
      Warming up GPU kernels (Eager execution)...
      Params: 374.68M | VRAM: 2026.83 MB | TTFT: 1.1454s | TPOT: 0.8053s
💤 Sleeping for 1 minute to stabilize thermals...
--> Initiating Exp 4: GQA + RoPE (28 Layers) at Length 4096
WARNING: All log messages before absl::InitializeLog() is called are written to STDERR
I0000 00:00:1780845784.467204  247618 port.cc:153] oneDNN custom operations are on. You may see slightly different numerical results due to floating-point round-off errors from different computation orders. To turn them off, set the environment variable `TF_ENABLE_ONEDNN_OPTS=0`.
WARNING: All log messages before absl::InitializeLog() is called are written to STDERR
I0000 00:00:1780845787.058314  247618 port.cc:153] oneDNN custom operations are on. You may see slightly different numerical results due to floating-point round-off errors from different computation orders. To turn them off, set the environment variable `TF_ENABLE_ONEDNN_OPTS=0`.
[transformers] PyTorch was not found. Models won't be available and only tokenizers, configuration and file/data utilities can be used.
Warning: You are sending unauthenticated requests to the HF Hub. Please set a HF_TOKEN to enable higher rate limits and faster downloads.
/root/anaconda3/envs/tensorflow-gpu/lib/python3.12/site-packages/keras/src/ops/nn.py:947: UserWarning: You are using a softmax over axis -1 of a tensor of shape (1, 16, 1, 1). This axis has size 1. The softmax operation will always return the value 1, which is likely not what you intended. Did you mean to use a sigmoid instead?
  warnings.warn(

🚀 [PID: 247618] Running Exp 4: GQA + RoPE (28 Layers) at Length 4096...
      Warming up GPU kernels (Eager execution)...
      Params: 360.00M | VRAM: 5494.83 MB | TTFT: 3.4518s | TPOT: 1.1142s
💤 Sleeping for 1 minute to stabilize thermals...
--> Initiating Exp 4: GQA + RoPE (28 Layers) at Length 512
WARNING: All log messages before absl::InitializeLog() is called are written to STDERR
I0000 00:00:1780845987.854514  249902 port.cc:153] oneDNN custom operations are on. You may see slightly different numerical results due to floating-point round-off errors from different computation orders. To turn them off, set the environment variable `TF_ENABLE_ONEDNN_OPTS=0`.
WARNING: All log messages before absl::InitializeLog() is called are written to STDERR
I0000 00:00:1780845990.509660  249902 port.cc:153] oneDNN custom operations are on. You may see slightly different numerical results due to floating-point round-off errors from different computation orders. To turn them off, set the environment variable `TF_ENABLE_ONEDNN_OPTS=0`.
[transformers] PyTorch was not found. Models won't be available and only tokenizers, configuration and file/data utilities can be used.
Warning: You are sending unauthenticated requests to the HF Hub. Please set a HF_TOKEN to enable higher rate limits and faster downloads.
/root/anaconda3/envs/tensorflow-gpu/lib/python3.12/site-packages/keras/src/ops/nn.py:947: UserWarning: You are using a softmax over axis -1 of a tensor of shape (1, 16, 1, 1). This axis has size 1. The softmax operation will always return the value 1, which is likely not what you intended. Did you mean to use a sigmoid instead?
  warnings.warn(

🚀 [PID: 249902] Running Exp 4: GQA + RoPE (28 Layers) at Length 512...
      Warming up GPU kernels (Eager execution)...
      Params: 360.00M | VRAM: 862.02 MB | TTFT: 1.2151s | TPOT: 1.1571s
💤 Sleeping for 1 minute to stabilize thermals...
--> Initiating Exp 1: Vanilla MHA (24 Layers) at Length 2048
WARNING: All log messages before absl::InitializeLog() is called are written to STDERR
I0000 00:00:1780846191.835464  252148 port.cc:153] oneDNN custom operations are on. You may see slightly different numerical results due to floating-point round-off errors from different computation orders. To turn them off, set the environment variable `TF_ENABLE_ONEDNN_OPTS=0`.
WARNING: All log messages before absl::InitializeLog() is called are written to STDERR
I0000 00:00:1780846194.451007  252148 port.cc:153] oneDNN custom operations are on. You may see slightly different numerical results due to floating-point round-off errors from different computation orders. To turn them off, set the environment variable `TF_ENABLE_ONEDNN_OPTS=0`.
[transformers] PyTorch was not found. Models won't be available and only tokenizers, configuration and file/data utilities can be used.
Warning: You are sending unauthenticated requests to the HF Hub. Please set a HF_TOKEN to enable higher rate limits and faster downloads.
/root/anaconda3/envs/tensorflow-gpu/lib/python3.12/site-packages/keras/src/ops/nn.py:947: UserWarning: You are using a softmax over axis -1 of a tensor of shape (1, 16, 1, 1). This axis has size 1. The softmax operation will always return the value 1, which is likely not what you intended. Did you mean to use a sigmoid instead?
  warnings.warn(

🚀 [PID: 252148] Running Exp 1: Vanilla MHA (24 Layers) at Length 2048...
      Warming up GPU kernels (Eager execution)...
      Params: 355.88M | VRAM: 2055.00 MB | TTFT: 0.8684s | TPOT: 0.6125s
💤 Sleeping for 1 minute to stabilize thermals...
==========================================
    ALL PROFILES COMPLETE. PLOTTING...
==========================================
Generating median-aggregated plots...
🎉 Complete! Check the .png files.
